ISO-10303-21;
HEADER;
/* Generated by software containing ST-Developer
 * from STEP Tools, Inc. (www.steptools.com) 
 */
/* OPTION: using custom renumber hook */

FILE_DESCRIPTION(
/* description */ ('STEP AP242',
'CAx-IF Rec.Pracs.---Representation and Presentation of Product Manufa
cturing Information (PMI)---4.0---2014-10-13',
'CAx-IF Rec.Pracs.---3D Tessellated Geometry---0.4---2014-09-14','2;1'),

/* implementation_level */ '2;1');

FILE_NAME(
/* name */ '682697e87f5acd1aa6143868',
/* time_stamp */ '2025-05-16T01:42:00Z',
/* author */ (''),
/* organization */ (''),
/* preprocessor_version */ 'ST-DEVELOPER v20',
/* originating_system */ 'ONSHAPE BY PTC INC, 1.197',
/* authorisation */ '  ');

FILE_SCHEMA (('AP242_MANAGED_MODEL_BASED_3D_ENGINEERING_MIM_LF { 1 0 10303 442 1 1 4 }'));
ENDSEC;

DATA;
#10=SHAPE_REPRESENTATION_RELATIONSHIP('','',#3140,#11);
#11=ADVANCED_BREP_SHAPE_REPRESENTATION('',(#3138),#5445);
#12=ELLIPSE('',#3495,0.000282842712474619,0.0002);
#13=ELLIPSE('',#3499,0.000282842712474619,0.0002);
#14=B_SPLINE_SURFACE_WITH_KNOTS('',1,3,((#5322,#5323,#5324,#5325),(#5326,
#5327,#5328,#5329)),.RULED_SURF.,.F.,.F.,.F.,(2,2),(4,4),(0.,1.),(0.,0.00108054662548996),
 .PIECEWISE_BEZIER_KNOTS.);
#15=B_SPLINE_SURFACE_WITH_KNOTS('',1,3,((#5334,#5335,#5336,#5337),(#5338,
#5339,#5340,#5341)),.RULED_SURF.,.F.,.F.,.F.,(2,2),(4,4),(0.,1.),(0.,0.00120886885032145),
 .PIECEWISE_BEZIER_KNOTS.);
#16=B_SPLINE_SURFACE_WITH_KNOTS('',1,3,((#5346,#5347,#5348,#5349),(#5350,
#5351,#5352,#5353)),.RULED_SURF.,.F.,.F.,.F.,(2,2),(4,4),(0.,1.),(0.00460164321976892,
0.00545049544220209),.PIECEWISE_BEZIER_KNOTS.);
#17=B_SPLINE_SURFACE_WITH_KNOTS('',1,3,((#5367,#5368,#5369,#5370),(#5371,
#5372,#5373,#5374)),.RULED_SURF.,.F.,.F.,.F.,(2,2),(4,4),(0.,1.),(0.,0.000901126251185443),
 .PIECEWISE_BEZIER_KNOTS.);
#18=TOROIDAL_SURFACE('',#3302,0.002538,0.001);
#19=TOROIDAL_SURFACE('',#3309,0.002538,0.001);
#20=TOROIDAL_SURFACE('',#3311,0.002538,0.001);
#21=TOROIDAL_SURFACE('',#3317,0.002538,0.001);
#22=TOROIDAL_SURFACE('',#3421,0.004,0.0005);
#23=TOROIDAL_SURFACE('',#3426,0.004,0.0005);
#24=VERTEX_LOOP('',#1801);
#25=VERTEX_LOOP('',#1803);
#26=VERTEX_LOOP('',#1805);
#27=CONICAL_SURFACE('',#3287,0.000625,1.02974425867665);
#28=CONICAL_SURFACE('',#3290,0.000625,1.02974425867665);
#29=CONICAL_SURFACE('',#3293,0.000625,1.02974425867665);
#30=CONICAL_SURFACE('',#3400,0.0007,0.523598775598299);
#31=CONICAL_SURFACE('',#3413,0.00085,0.78539816339746);
#32=CONICAL_SURFACE('',#3414,0.00085,0.785398163397443);
#33=CONICAL_SURFACE('',#3415,0.00085,0.785398163397443);
#34=CONICAL_SURFACE('',#3416,0.00085,0.78539816339745);
#35=CONICAL_SURFACE('',#3417,0.00085,0.78539816339745);
#36=CONICAL_SURFACE('',#3418,0.00085,0.78539816339745);
#37=CONICAL_SURFACE('',#3429,0.0045,0.785398163397449);
#38=CONICAL_SURFACE('',#3461,0.0012,0.785398163397452);
#39=CONICAL_SURFACE('',#3464,0.0012,0.785398163397452);
#40=CONICAL_SURFACE('',#3465,0.0012,0.785398163397452);
#41=CONICAL_SURFACE('',#3467,0.0003,0.785398163397448);
#42=CONICAL_SURFACE('',#3470,0.0003,0.785398163397449);
#43=CONICAL_SURFACE('',#3471,0.000300000000000059,0.785398163397449);
#44=CONICAL_SURFACE('',#3474,0.00015,0.785398163397448);
#45=CONICAL_SURFACE('',#3475,0.000299999999999996,0.785398163397449);
#46=CONICAL_SURFACE('',#3478,0.00015,0.785398163397449);
#47=CONICAL_SURFACE('',#3481,0.0005,0.523598775598299);
#48=B_SPLINE_CURVE_WITH_KNOTS('',3,(#4604,#4605,#4606,#4607),
 .UNSPECIFIED.,.F.,.F.,(4,4),(0.,1.),.UNSPECIFIED.);
#49=B_SPLINE_CURVE_WITH_KNOTS('',3,(#4614,#4615,#4616,#4617),
 .UNSPECIFIED.,.F.,.F.,(4,4),(0.,1.),.UNSPECIFIED.);
#50=B_SPLINE_CURVE_WITH_KNOTS('',3,(#4954,#4955,#4956,#4957),
 .UNSPECIFIED.,.F.,.F.,(4,4),(0.,1.),.UNSPECIFIED.);
#51=B_SPLINE_CURVE_WITH_KNOTS('',3,(#4959,#4960,#4961,#4962),
 .UNSPECIFIED.,.F.,.F.,(4,4),(0.,1.),.UNSPECIFIED.);
#52=B_SPLINE_CURVE_WITH_KNOTS('',3,(#4970,#4971,#4972,#4973),
 .UNSPECIFIED.,.F.,.F.,(4,4),(0.,1.),.UNSPECIFIED.);
#53=B_SPLINE_CURVE_WITH_KNOTS('',3,(#4975,#4976,#4977,#4978),
 .UNSPECIFIED.,.F.,.F.,(4,4),(0.,1.),.UNSPECIFIED.);
#54=B_SPLINE_CURVE_WITH_KNOTS('',3,(#5279,#5280,#5281,#5282,#5283,#5284,
#5285),.UNSPECIFIED.,.F.,.F.,(4,1,1,1,4),(0.,0.25,0.5,0.75,1.),
 .UNSPECIFIED.);
#55=B_SPLINE_CURVE_WITH_KNOTS('',3,(#5289,#5290,#5291,#5292,#5293,#5294),
 .UNSPECIFIED.,.F.,.F.,(4,1,1,4),(0.,0.49385172551952,0.74077758827928,
0.98770345103904),.UNSPECIFIED.);
#56=B_SPLINE_CURVE_WITH_KNOTS('',3,(#5296,#5297,#5298,#5299,#5300,#5301),
 .UNSPECIFIED.,.F.,.F.,(4,1,1,4),(0.,0.25,0.5,1.),.UNSPECIFIED.);
#57=B_SPLINE_CURVE_WITH_KNOTS('',3,(#5305,#5306,#5307,#5308,#5309,#5310),
 .UNSPECIFIED.,.F.,.F.,(4,1,1,4),(0.,0.25,0.5,1.),.UNSPECIFIED.);
#58=B_SPLINE_CURVE_WITH_KNOTS('',3,(#5314,#5315,#5316,#5317),
 .UNSPECIFIED.,.F.,.F.,(4,4),(0.,1.),.UNSPECIFIED.);
#59=B_SPLINE_CURVE_WITH_KNOTS('',3,(#5318,#5319,#5320,#5321),
 .UNSPECIFIED.,.F.,.F.,(4,4),(0.,1.),.UNSPECIFIED.);
#60=B_SPLINE_CURVE_WITH_KNOTS('',3,(#5330,#5331,#5332,#5333),
 .UNSPECIFIED.,.F.,.F.,(4,4),(0.,1.),.UNSPECIFIED.);
#61=B_SPLINE_CURVE_WITH_KNOTS('',3,(#5342,#5343,#5344,#5345),
 .UNSPECIFIED.,.F.,.F.,(4,4),(0.,1.),.UNSPECIFIED.);
#62=B_SPLINE_CURVE_WITH_KNOTS('',3,(#5354,#5355,#5356,#5357),
 .UNSPECIFIED.,.F.,.F.,(4,4),(0.,1.),.UNSPECIFIED.);
#63=B_SPLINE_CURVE_WITH_KNOTS('',3,(#5361,#5362,#5363,#5364),
 .UNSPECIFIED.,.F.,.F.,(4,4),(0.,1.),.UNSPECIFIED.);
#64=B_SPLINE_CURVE_WITH_KNOTS('',3,(#5375,#5376,#5377,#5378),
 .UNSPECIFIED.,.F.,.F.,(4,4),(0.,1.),.UNSPECIFIED.);
#65=CYLINDRICAL_SURFACE('',#3181,0.00155);
#66=CYLINDRICAL_SURFACE('',#3183,0.003538);
#67=CYLINDRICAL_SURFACE('',#3186,0.000300000000000059);
#68=CYLINDRICAL_SURFACE('',#3190,0.0003);
#69=CYLINDRICAL_SURFACE('',#3194,0.0003);
#70=CYLINDRICAL_SURFACE('',#3198,0.00015);
#71=CYLINDRICAL_SURFACE('',#3202,0.00015);
#72=CYLINDRICAL_SURFACE('',#3206,0.000299999999999996);
#73=CYLINDRICAL_SURFACE('',#3237,0.001538);
#74=CYLINDRICAL_SURFACE('',#3240,0.001538);
#75=CYLINDRICAL_SURFACE('',#3247,0.001538);
#76=CYLINDRICAL_SURFACE('',#3249,0.001538);
#77=CYLINDRICAL_SURFACE('',#3252,0.0041);
#78=CYLINDRICAL_SURFACE('',#3267,0.0015);
#79=CYLINDRICAL_SURFACE('',#3269,0.0015);
#80=CYLINDRICAL_SURFACE('',#3273,0.0015);
#81=CYLINDRICAL_SURFACE('',#3289,0.000625);
#82=CYLINDRICAL_SURFACE('',#3292,0.000625);
#83=CYLINDRICAL_SURFACE('',#3295,0.000625);
#84=CYLINDRICAL_SURFACE('',#3296,0.003538);
#85=CYLINDRICAL_SURFACE('',#3298,0.003538);
#86=CYLINDRICAL_SURFACE('',#3300,0.003538);
#87=CYLINDRICAL_SURFACE('',#3305,0.001);
#88=CYLINDRICAL_SURFACE('',#3307,0.001);
#89=CYLINDRICAL_SURFACE('',#3313,0.001);
#90=CYLINDRICAL_SURFACE('',#3315,0.001);
#91=CYLINDRICAL_SURFACE('',#3321,0.00036213203435597);
#92=CYLINDRICAL_SURFACE('',#3323,0.000362132034355973);
#93=CYLINDRICAL_SURFACE('',#3326,0.000362);
#94=CYLINDRICAL_SURFACE('',#3329,0.000362132034355958);
#95=CYLINDRICAL_SURFACE('',#3332,0.000362132034355967);
#96=CYLINDRICAL_SURFACE('',#3337,0.000362);
#97=CYLINDRICAL_SURFACE('',#3338,0.000362);
#98=CYLINDRICAL_SURFACE('',#3339,0.000362);
#99=CYLINDRICAL_SURFACE('',#3340,0.000362);
#100=CYLINDRICAL_SURFACE('',#3343,0.0005);
#101=CYLINDRICAL_SURFACE('',#3344,0.0005);
#102=CYLINDRICAL_SURFACE('',#3345,0.0005);
#103=CYLINDRICAL_SURFACE('',#3346,0.0055);
#104=CYLINDRICAL_SURFACE('',#3349,0.0005);
#105=CYLINDRICAL_SURFACE('',#3351,0.0015);
#106=CYLINDRICAL_SURFACE('',#3355,0.0015);
#107=CYLINDRICAL_SURFACE('',#3359,0.0015);
#108=CYLINDRICAL_SURFACE('',#3363,0.0015);
#109=CYLINDRICAL_SURFACE('',#3367,0.0015);
#110=CYLINDRICAL_SURFACE('',#3371,0.0015);
#111=CYLINDRICAL_SURFACE('',#3375,0.00085);
#112=CYLINDRICAL_SURFACE('',#3377,0.00085);
#113=CYLINDRICAL_SURFACE('',#3379,0.00085);
#114=CYLINDRICAL_SURFACE('',#3381,0.00085);
#115=CYLINDRICAL_SURFACE('',#3383,0.00085);
#116=CYLINDRICAL_SURFACE('',#3385,0.00085);
#117=CYLINDRICAL_SURFACE('',#3388,0.002538);
#118=CYLINDRICAL_SURFACE('',#3391,0.002538);
#119=CYLINDRICAL_SURFACE('',#3394,0.002538);
#120=CYLINDRICAL_SURFACE('',#3397,0.002538);
#121=CYLINDRICAL_SURFACE('',#3409,0.0026);
#122=CYLINDRICAL_SURFACE('',#3410,0.0045);
#123=CYLINDRICAL_SURFACE('',#3419,0.0005);
#124=CYLINDRICAL_SURFACE('',#3423,0.0005);
#125=CYLINDRICAL_SURFACE('',#3424,0.0005);
#126=CYLINDRICAL_SURFACE('',#3428,0.0005);
#127=CYLINDRICAL_SURFACE('',#3431,0.0005);
#128=CYLINDRICAL_SURFACE('',#3433,0.0005);
#129=CYLINDRICAL_SURFACE('',#3435,0.0005);
#130=CYLINDRICAL_SURFACE('',#3437,0.000500000000000007);
#131=CYLINDRICAL_SURFACE('',#3453,0.001);
#132=CYLINDRICAL_SURFACE('',#3455,0.001);
#133=CYLINDRICAL_SURFACE('',#3456,0.001);
#134=CYLINDRICAL_SURFACE('',#3458,0.001);
#135=CYLINDRICAL_SURFACE('',#3479,0.0005);
#136=CYLINDRICAL_SURFACE('',#3482,0.0006);
#137=CYLINDRICAL_SURFACE('',#3489,0.000362);
#138=CYLINDRICAL_SURFACE('',#3490,0.000362);
#139=CYLINDRICAL_SURFACE('',#3494,0.0002);
#140=CYLINDRICAL_SURFACE('',#3496,0.0002);
#141=CYLINDRICAL_SURFACE('',#3497,0.0002);
#142=CYLINDRICAL_SURFACE('',#3498,0.0002);
#143=CYLINDRICAL_SURFACE('',#3500,0.0002);
#144=CIRCLE('',#3143,0.0002);
#145=CIRCLE('',#3144,0.0002);
#146=CIRCLE('',#3146,0.002538);
#147=CIRCLE('',#3147,0.002538);
#148=CIRCLE('',#3148,0.002538);
#149=CIRCLE('',#3149,0.002538);
#150=CIRCLE('',#3150,0.0002);
#151=CIRCLE('',#3151,0.0002);
#152=CIRCLE('',#3152,0.0002);
#153=CIRCLE('',#3153,0.0002);
#154=CIRCLE('',#3154,0.003538);
#155=CIRCLE('',#3155,0.003538);
#156=CIRCLE('',#3156,0.003538);
#157=CIRCLE('',#3157,0.003538);
#158=CIRCLE('',#3159,0.000362);
#159=CIRCLE('',#3160,0.00155);
#160=CIRCLE('',#3161,0.000362);
#161=CIRCLE('',#3162,0.0005);
#162=CIRCLE('',#3163,0.000362);
#163=CIRCLE('',#3164,0.0015);
#164=CIRCLE('',#3165,0.000362132034355973);
#165=CIRCLE('',#3166,0.00036213203435597);
#166=CIRCLE('',#3167,0.000362);
#167=CIRCLE('',#3168,0.001538);
#168=CIRCLE('',#3169,0.000362);
#169=CIRCLE('',#3170,0.000362132034355967);
#170=CIRCLE('',#3171,0.000362132034355958);
#171=CIRCLE('',#3172,0.000362);
#172=CIRCLE('',#3173,0.000362);
#173=CIRCLE('',#3174,0.0005);
#174=CIRCLE('',#3175,0.0005);
#175=CIRCLE('',#3176,0.0005);
#176=CIRCLE('',#3177,0.0005);
#177=CIRCLE('',#3178,0.0055);
#178=CIRCLE('',#3179,0.0015);
#179=CIRCLE('',#3180,0.0015);
#180=CIRCLE('',#3182,0.00155);
#181=CIRCLE('',#3184,0.003538);
#182=CIRCLE('',#3187,0.000300000000000059);
#183=CIRCLE('',#3188,0.000300000000000059);
#184=CIRCLE('',#3191,0.0003);
#185=CIRCLE('',#3192,0.0003);
#186=CIRCLE('',#3195,0.0003);
#187=CIRCLE('',#3196,0.0003);
#188=CIRCLE('',#3199,0.00015);
#189=CIRCLE('',#3200,0.00015);
#190=CIRCLE('',#3203,0.00015);
#191=CIRCLE('',#3204,0.00015);
#192=CIRCLE('',#3207,0.000299999999999996);
#193=CIRCLE('',#3208,0.000299999999999996);
#194=CIRCLE('',#3210,0.0005);
#195=CIRCLE('',#3212,0.00085);
#196=CIRCLE('',#3213,0.00085);
#197=CIRCLE('',#3214,0.00085);
#198=CIRCLE('',#3215,0.0005);
#199=CIRCLE('',#3216,0.000500000000000007);
#200=CIRCLE('',#3217,0.0005);
#201=CIRCLE('',#3219,0.0015);
#202=CIRCLE('',#3220,0.0015);
#203=CIRCLE('',#3221,0.0015);
#204=CIRCLE('',#3222,0.0005);
#205=CIRCLE('',#3223,0.0005);
#206=CIRCLE('',#3224,0.000500000000000007);
#207=CIRCLE('',#3225,0.0005);
#208=CIRCLE('',#3227,0.0005);
#209=CIRCLE('',#3228,0.0005);
#210=CIRCLE('',#3229,0.0005);
#211=CIRCLE('',#3230,0.0005);
#212=CIRCLE('',#3233,0.0012);
#213=CIRCLE('',#3234,0.0012);
#214=CIRCLE('',#3235,0.0012);
#215=CIRCLE('',#3238,0.001538);
#216=CIRCLE('',#3239,0.001538);
#217=CIRCLE('',#3241,0.001538);
#218=CIRCLE('',#3242,0.001538);
#219=CIRCLE('',#3244,0.00085);
#220=CIRCLE('',#3245,0.00085);
#221=CIRCLE('',#3246,0.00085);
#222=CIRCLE('',#3248,0.001538);
#223=CIRCLE('',#3250,0.001538);
#224=CIRCLE('',#3251,0.001538);
#225=CIRCLE('',#3253,0.0041);
#226=CIRCLE('',#3254,0.0041);
#227=CIRCLE('',#3256,0.0006);
#228=CIRCLE('',#3257,0.0007);
#229=CIRCLE('',#3258,0.0045);
#230=CIRCLE('',#3259,0.0007);
#231=CIRCLE('',#3260,0.002538);
#232=CIRCLE('',#3261,0.002538);
#233=CIRCLE('',#3262,0.002538);
#234=CIRCLE('',#3263,0.002538);
#235=CIRCLE('',#3264,0.0005);
#236=CIRCLE('',#3265,0.0005);
#237=CIRCLE('',#3266,0.0005);
#238=CIRCLE('',#3268,0.0015);
#239=CIRCLE('',#3270,0.0015);
#240=CIRCLE('',#3272,0.000625);
#241=CIRCLE('',#3274,0.0015);
#242=CIRCLE('',#3276,0.000625);
#243=CIRCLE('',#3278,0.000625);
#244=CIRCLE('',#3279,0.000362);
#245=CIRCLE('',#3280,0.000362);
#246=CIRCLE('',#3281,0.00036213203435597);
#247=CIRCLE('',#3282,0.000362132034355973);
#248=CIRCLE('',#3284,0.0015);
#249=CIRCLE('',#3285,0.0015);
#250=CIRCLE('',#3286,0.0015);
#251=CIRCLE('',#3288,0.000625);
#252=CIRCLE('',#3291,0.000625);
#253=CIRCLE('',#3294,0.000625);
#254=CIRCLE('',#3297,0.003538);
#255=CIRCLE('',#3299,0.003538);
#256=CIRCLE('',#3301,0.003538);
#257=CIRCLE('',#3303,0.001);
#258=CIRCLE('',#3304,0.001);
#259=CIRCLE('',#3306,0.001);
#260=CIRCLE('',#3308,0.001);
#261=CIRCLE('',#3310,0.001);
#262=CIRCLE('',#3312,0.001);
#263=CIRCLE('',#3314,0.001);
#264=CIRCLE('',#3316,0.001);
#265=CIRCLE('',#3327,0.000362);
#266=CIRCLE('',#3330,0.000362132034355958);
#267=CIRCLE('',#3333,0.000362132034355967);
#268=CIRCLE('',#3335,0.000362);
#269=CIRCLE('',#3336,0.000362);
#270=CIRCLE('',#3347,0.0055);
#271=CIRCLE('',#3350,0.0005);
#272=CIRCLE('',#3352,0.0015);
#273=CIRCLE('',#3354,0.00125);
#274=CIRCLE('',#3356,0.0015);
#275=CIRCLE('',#3358,0.00125);
#276=CIRCLE('',#3360,0.0015);
#277=CIRCLE('',#3362,0.00125);
#278=CIRCLE('',#3364,0.0015);
#279=CIRCLE('',#3366,0.00125);
#280=CIRCLE('',#3368,0.0015);
#281=CIRCLE('',#3370,0.00125);
#282=CIRCLE('',#3372,0.0015);
#283=CIRCLE('',#3374,0.00125);
#284=CIRCLE('',#3376,0.00085);
#285=CIRCLE('',#3378,0.00085);
#286=CIRCLE('',#3380,0.00085);
#287=CIRCLE('',#3382,0.00085);
#288=CIRCLE('',#3384,0.00085);
#289=CIRCLE('',#3386,0.00085);
#290=CIRCLE('',#3389,0.002538);
#291=CIRCLE('',#3392,0.002538);
#292=CIRCLE('',#3395,0.002538);
#293=CIRCLE('',#3398,0.002538);
#294=CIRCLE('',#3402,0.0026);
#295=CIRCLE('',#3403,0.004);
#296=CIRCLE('',#3406,0.0026);
#297=CIRCLE('',#3407,0.004);
#298=CIRCLE('',#3411,0.0045);
#299=CIRCLE('',#3412,0.0045);
#300=CIRCLE('',#3420,0.0005);
#301=CIRCLE('',#3422,0.0005);
#302=CIRCLE('',#3425,0.0005);
#303=CIRCLE('',#3427,0.0005);
#304=CIRCLE('',#3443,0.00035);
#305=CIRCLE('',#3444,0.00035);
#306=CIRCLE('',#3445,0.0005);
#307=CIRCLE('',#3446,0.0005);
#308=CIRCLE('',#3447,0.000500000000000059);
#309=CIRCLE('',#3448,0.0005);
#310=CIRCLE('',#3449,0.001);
#311=CIRCLE('',#3450,0.001);
#312=CIRCLE('',#3451,0.001);
#313=CIRCLE('',#3452,0.001);
#314=CIRCLE('',#3454,0.001);
#315=CIRCLE('',#3457,0.001);
#316=CIRCLE('',#3459,0.001);
#317=CIRCLE('',#3480,0.0005);
#318=CIRCLE('',#3483,0.0006);
#319=CIRCLE('',#3485,0.000362);
#320=CIRCLE('',#3486,0.000362);
#321=ORIENTED_EDGE('',*,*,#1175,.F.);
#322=ORIENTED_EDGE('',*,*,#1176,.T.);
#323=ORIENTED_EDGE('',*,*,#1177,.T.);
#324=ORIENTED_EDGE('',*,*,#1178,.T.);
#325=ORIENTED_EDGE('',*,*,#1179,.T.);
#326=ORIENTED_EDGE('',*,*,#1180,.T.);
#327=ORIENTED_EDGE('',*,*,#1181,.T.);
#328=ORIENTED_EDGE('',*,*,#1182,.F.);
#329=ORIENTED_EDGE('',*,*,#1183,.F.);
#330=ORIENTED_EDGE('',*,*,#1184,.F.);
#331=ORIENTED_EDGE('',*,*,#1185,.T.);
#332=ORIENTED_EDGE('',*,*,#1186,.F.);
#333=ORIENTED_EDGE('',*,*,#1187,.F.);
#334=ORIENTED_EDGE('',*,*,#1188,.F.);
#335=ORIENTED_EDGE('',*,*,#1189,.T.);
#336=ORIENTED_EDGE('',*,*,#1190,.T.);
#337=ORIENTED_EDGE('',*,*,#1191,.T.);
#338=ORIENTED_EDGE('',*,*,#1192,.T.);
#339=ORIENTED_EDGE('',*,*,#1193,.F.);
#340=ORIENTED_EDGE('',*,*,#1194,.T.);
#341=ORIENTED_EDGE('',*,*,#1195,.F.);
#342=ORIENTED_EDGE('',*,*,#1196,.T.);
#343=ORIENTED_EDGE('',*,*,#1197,.T.);
#344=ORIENTED_EDGE('',*,*,#1198,.T.);
#345=ORIENTED_EDGE('',*,*,#1199,.F.);
#346=ORIENTED_EDGE('',*,*,#1200,.T.);
#347=ORIENTED_EDGE('',*,*,#1201,.F.);
#348=ORIENTED_EDGE('',*,*,#1202,.T.);
#349=ORIENTED_EDGE('',*,*,#1203,.T.);
#350=ORIENTED_EDGE('',*,*,#1204,.T.);
#351=ORIENTED_EDGE('',*,*,#1205,.T.);
#352=ORIENTED_EDGE('',*,*,#1206,.T.);
#353=ORIENTED_EDGE('',*,*,#1207,.F.);
#354=ORIENTED_EDGE('',*,*,#1208,.T.);
#355=ORIENTED_EDGE('',*,*,#1209,.F.);
#356=ORIENTED_EDGE('',*,*,#1210,.T.);
#357=ORIENTED_EDGE('',*,*,#1211,.T.);
#358=ORIENTED_EDGE('',*,*,#1212,.T.);
#359=ORIENTED_EDGE('',*,*,#1213,.T.);
#360=ORIENTED_EDGE('',*,*,#1214,.F.);
#361=ORIENTED_EDGE('',*,*,#1215,.F.);
#362=ORIENTED_EDGE('',*,*,#1216,.T.);
#363=ORIENTED_EDGE('',*,*,#1217,.T.);
#364=ORIENTED_EDGE('',*,*,#1218,.T.);
#365=ORIENTED_EDGE('',*,*,#1219,.F.);
#366=ORIENTED_EDGE('',*,*,#1220,.T.);
#367=ORIENTED_EDGE('',*,*,#1221,.T.);
#368=ORIENTED_EDGE('',*,*,#1222,.T.);
#369=ORIENTED_EDGE('',*,*,#1223,.T.);
#370=ORIENTED_EDGE('',*,*,#1224,.F.);
#371=ORIENTED_EDGE('',*,*,#1225,.T.);
#372=ORIENTED_EDGE('',*,*,#1226,.T.);
#373=ORIENTED_EDGE('',*,*,#1227,.F.);
#374=ORIENTED_EDGE('',*,*,#1228,.T.);
#375=ORIENTED_EDGE('',*,*,#1229,.T.);
#376=ORIENTED_EDGE('',*,*,#1230,.T.);
#377=ORIENTED_EDGE('',*,*,#1231,.F.);
#378=ORIENTED_EDGE('',*,*,#1232,.T.);
#379=ORIENTED_EDGE('',*,*,#1233,.T.);
#380=ORIENTED_EDGE('',*,*,#1234,.F.);
#381=ORIENTED_EDGE('',*,*,#1235,.T.);
#382=ORIENTED_EDGE('',*,*,#1236,.T.);
#383=ORIENTED_EDGE('',*,*,#1237,.T.);
#384=ORIENTED_EDGE('',*,*,#1238,.T.);
#385=ORIENTED_EDGE('',*,*,#1239,.T.);
#386=ORIENTED_EDGE('',*,*,#1240,.F.);
#387=ORIENTED_EDGE('',*,*,#1241,.F.);
#388=ORIENTED_EDGE('',*,*,#1242,.F.);
#389=ORIENTED_EDGE('',*,*,#1243,.F.);
#390=ORIENTED_EDGE('',*,*,#1207,.T.);
#391=ORIENTED_EDGE('',*,*,#1244,.T.);
#392=ORIENTED_EDGE('',*,*,#1245,.F.);
#393=ORIENTED_EDGE('',*,*,#1246,.T.);
#394=ORIENTED_EDGE('',*,*,#1247,.T.);
#395=ORIENTED_EDGE('',*,*,#1248,.T.);
#396=ORIENTED_EDGE('',*,*,#1249,.T.);
#397=ORIENTED_EDGE('',*,*,#1250,.F.);
#398=ORIENTED_EDGE('',*,*,#1198,.F.);
#399=ORIENTED_EDGE('',*,*,#1251,.F.);
#400=ORIENTED_EDGE('',*,*,#1252,.T.);
#401=ORIENTED_EDGE('',*,*,#1253,.T.);
#402=ORIENTED_EDGE('',*,*,#1254,.T.);
#403=ORIENTED_EDGE('',*,*,#1255,.F.);
#404=ORIENTED_EDGE('',*,*,#1256,.T.);
#405=ORIENTED_EDGE('',*,*,#1255,.T.);
#406=ORIENTED_EDGE('',*,*,#1257,.T.);
#407=ORIENTED_EDGE('',*,*,#1258,.F.);
#408=ORIENTED_EDGE('',*,*,#1259,.F.);
#409=ORIENTED_EDGE('',*,*,#1258,.T.);
#410=ORIENTED_EDGE('',*,*,#1260,.T.);
#411=ORIENTED_EDGE('',*,*,#1261,.F.);
#412=ORIENTED_EDGE('',*,*,#1262,.T.);
#413=ORIENTED_EDGE('',*,*,#1261,.T.);
#414=ORIENTED_EDGE('',*,*,#1263,.T.);
#415=ORIENTED_EDGE('',*,*,#1264,.F.);
#416=ORIENTED_EDGE('',*,*,#1265,.F.);
#417=ORIENTED_EDGE('',*,*,#1264,.T.);
#418=ORIENTED_EDGE('',*,*,#1266,.T.);
#419=ORIENTED_EDGE('',*,*,#1267,.F.);
#420=ORIENTED_EDGE('',*,*,#1268,.T.);
#421=ORIENTED_EDGE('',*,*,#1267,.T.);
#422=ORIENTED_EDGE('',*,*,#1269,.T.);
#423=ORIENTED_EDGE('',*,*,#1270,.F.);
#424=ORIENTED_EDGE('',*,*,#1271,.F.);
#425=ORIENTED_EDGE('',*,*,#1270,.T.);
#426=ORIENTED_EDGE('',*,*,#1272,.T.);
#427=ORIENTED_EDGE('',*,*,#1273,.F.);
#428=ORIENTED_EDGE('',*,*,#1274,.F.);
#429=ORIENTED_EDGE('',*,*,#1273,.T.);
#430=ORIENTED_EDGE('',*,*,#1275,.T.);
#431=ORIENTED_EDGE('',*,*,#1276,.F.);
#432=ORIENTED_EDGE('',*,*,#1277,.F.);
#433=ORIENTED_EDGE('',*,*,#1276,.T.);
#434=ORIENTED_EDGE('',*,*,#1278,.T.);
#435=ORIENTED_EDGE('',*,*,#1279,.F.);
#436=ORIENTED_EDGE('',*,*,#1280,.F.);
#437=ORIENTED_EDGE('',*,*,#1279,.T.);
#438=ORIENTED_EDGE('',*,*,#1281,.T.);
#439=ORIENTED_EDGE('',*,*,#1282,.F.);
#440=ORIENTED_EDGE('',*,*,#1283,.F.);
#441=ORIENTED_EDGE('',*,*,#1282,.T.);
#442=ORIENTED_EDGE('',*,*,#1284,.T.);
#443=ORIENTED_EDGE('',*,*,#1285,.F.);
#444=ORIENTED_EDGE('',*,*,#1286,.F.);
#445=ORIENTED_EDGE('',*,*,#1285,.T.);
#446=ORIENTED_EDGE('',*,*,#1287,.T.);
#447=ORIENTED_EDGE('',*,*,#1253,.F.);
#448=ORIENTED_EDGE('',*,*,#1288,.F.);
#449=ORIENTED_EDGE('',*,*,#1289,.T.);
#450=ORIENTED_EDGE('',*,*,#1290,.T.);
#451=ORIENTED_EDGE('',*,*,#1291,.T.);
#452=ORIENTED_EDGE('',*,*,#1292,.T.);
#453=ORIENTED_EDGE('',*,*,#1293,.F.);
#454=ORIENTED_EDGE('',*,*,#1294,.F.);
#455=ORIENTED_EDGE('',*,*,#1295,.F.);
#456=ORIENTED_EDGE('',*,*,#1296,.F.);
#457=ORIENTED_EDGE('',*,*,#1212,.F.);
#458=ORIENTED_EDGE('',*,*,#1297,.T.);
#459=ORIENTED_EDGE('',*,*,#1298,.T.);
#460=ORIENTED_EDGE('',*,*,#1299,.T.);
#461=ORIENTED_EDGE('',*,*,#1300,.F.);
#462=ORIENTED_EDGE('',*,*,#1301,.T.);
#463=ORIENTED_EDGE('',*,*,#1302,.T.);
#464=ORIENTED_EDGE('',*,*,#1303,.T.);
#465=ORIENTED_EDGE('',*,*,#1304,.T.);
#466=ORIENTED_EDGE('',*,*,#1305,.F.);
#467=ORIENTED_EDGE('',*,*,#1306,.T.);
#468=ORIENTED_EDGE('',*,*,#1307,.F.);
#469=ORIENTED_EDGE('',*,*,#1308,.F.);
#470=ORIENTED_EDGE('',*,*,#1309,.F.);
#471=ORIENTED_EDGE('',*,*,#1310,.F.);
#472=ORIENTED_EDGE('',*,*,#1311,.T.);
#473=ORIENTED_EDGE('',*,*,#1312,.T.);
#474=ORIENTED_EDGE('',*,*,#1313,.T.);
#475=ORIENTED_EDGE('',*,*,#1203,.F.);
#476=ORIENTED_EDGE('',*,*,#1314,.T.);
#477=ORIENTED_EDGE('',*,*,#1315,.F.);
#478=ORIENTED_EDGE('',*,*,#1316,.T.);
#479=ORIENTED_EDGE('',*,*,#1317,.F.);
#480=ORIENTED_EDGE('',*,*,#1318,.F.);
#481=ORIENTED_EDGE('',*,*,#1319,.F.);
#482=ORIENTED_EDGE('',*,*,#1320,.F.);
#483=ORIENTED_EDGE('',*,*,#1321,.T.);
#484=ORIENTED_EDGE('',*,*,#1322,.T.);
#485=ORIENTED_EDGE('',*,*,#1323,.T.);
#486=ORIENTED_EDGE('',*,*,#1201,.T.);
#487=ORIENTED_EDGE('',*,*,#1324,.F.);
#488=ORIENTED_EDGE('',*,*,#1325,.T.);
#489=ORIENTED_EDGE('',*,*,#1326,.T.);
#490=ORIENTED_EDGE('',*,*,#1327,.T.);
#491=ORIENTED_EDGE('',*,*,#1328,.T.);
#492=ORIENTED_EDGE('',*,*,#1329,.T.);
#493=ORIENTED_EDGE('',*,*,#1330,.F.);
#494=ORIENTED_EDGE('',*,*,#1331,.T.);
#495=ORIENTED_EDGE('',*,*,#1332,.T.);
#496=ORIENTED_EDGE('',*,*,#1333,.T.);
#497=ORIENTED_EDGE('',*,*,#1334,.T.);
#498=ORIENTED_EDGE('',*,*,#1222,.F.);
#499=ORIENTED_EDGE('',*,*,#1335,.T.);
#500=ORIENTED_EDGE('',*,*,#1336,.F.);
#501=ORIENTED_EDGE('',*,*,#1288,.T.);
#502=ORIENTED_EDGE('',*,*,#1256,.F.);
#503=ORIENTED_EDGE('',*,*,#1259,.T.);
#504=ORIENTED_EDGE('',*,*,#1262,.F.);
#505=ORIENTED_EDGE('',*,*,#1265,.T.);
#506=ORIENTED_EDGE('',*,*,#1268,.F.);
#507=ORIENTED_EDGE('',*,*,#1271,.T.);
#508=ORIENTED_EDGE('',*,*,#1274,.T.);
#509=ORIENTED_EDGE('',*,*,#1277,.T.);
#510=ORIENTED_EDGE('',*,*,#1280,.T.);
#511=ORIENTED_EDGE('',*,*,#1283,.T.);
#512=ORIENTED_EDGE('',*,*,#1286,.T.);
#513=ORIENTED_EDGE('',*,*,#1337,.T.);
#514=ORIENTED_EDGE('',*,*,#1338,.T.);
#515=ORIENTED_EDGE('',*,*,#1189,.F.);
#516=ORIENTED_EDGE('',*,*,#1339,.T.);
#517=ORIENTED_EDGE('',*,*,#1340,.T.);
#518=ORIENTED_EDGE('',*,*,#1341,.T.);
#519=ORIENTED_EDGE('',*,*,#1342,.T.);
#520=ORIENTED_EDGE('',*,*,#1343,.T.);
#521=ORIENTED_EDGE('',*,*,#1344,.T.);
#522=ORIENTED_EDGE('',*,*,#1345,.T.);
#523=ORIENTED_EDGE('',*,*,#1251,.T.);
#524=ORIENTED_EDGE('',*,*,#1197,.F.);
#525=ORIENTED_EDGE('',*,*,#1346,.T.);
#526=ORIENTED_EDGE('',*,*,#1347,.F.);
#527=ORIENTED_EDGE('',*,*,#1348,.T.);
#528=ORIENTED_EDGE('',*,*,#1349,.T.);
#529=ORIENTED_EDGE('',*,*,#1350,.T.);
#530=ORIENTED_EDGE('',*,*,#1234,.T.);
#531=ORIENTED_EDGE('',*,*,#1351,.T.);
#532=ORIENTED_EDGE('',*,*,#1352,.T.);
#533=ORIENTED_EDGE('',*,*,#1353,.T.);
#534=ORIENTED_EDGE('',*,*,#1354,.F.);
#535=ORIENTED_EDGE('',*,*,#1353,.F.);
#536=ORIENTED_EDGE('',*,*,#1355,.F.);
#537=ORIENTED_EDGE('',*,*,#1356,.F.);
#538=ORIENTED_EDGE('',*,*,#1357,.F.);
#539=ORIENTED_EDGE('',*,*,#1332,.F.);
#540=ORIENTED_EDGE('',*,*,#1358,.F.);
#541=ORIENTED_EDGE('',*,*,#1304,.F.);
#542=ORIENTED_EDGE('',*,*,#1359,.T.);
#543=ORIENTED_EDGE('',*,*,#1360,.T.);
#544=ORIENTED_EDGE('',*,*,#1361,.T.);
#545=ORIENTED_EDGE('',*,*,#1362,.F.);
#546=ORIENTED_EDGE('',*,*,#1356,.T.);
#547=ORIENTED_EDGE('',*,*,#1363,.T.);
#548=ORIENTED_EDGE('',*,*,#1364,.T.);
#549=ORIENTED_EDGE('',*,*,#1224,.T.);
#550=ORIENTED_EDGE('',*,*,#1365,.T.);
#551=ORIENTED_EDGE('',*,*,#1366,.F.);
#552=ORIENTED_EDGE('',*,*,#1365,.F.);
#553=ORIENTED_EDGE('',*,*,#1223,.F.);
#554=ORIENTED_EDGE('',*,*,#1334,.F.);
#555=ORIENTED_EDGE('',*,*,#1367,.F.);
#556=ORIENTED_EDGE('',*,*,#1302,.F.);
#557=ORIENTED_EDGE('',*,*,#1368,.T.);
#558=ORIENTED_EDGE('',*,*,#1289,.F.);
#559=ORIENTED_EDGE('',*,*,#1369,.F.);
#560=ORIENTED_EDGE('',*,*,#1348,.F.);
#561=ORIENTED_EDGE('',*,*,#1370,.T.);
#562=ORIENTED_EDGE('',*,*,#1371,.T.);
#563=ORIENTED_EDGE('',*,*,#1372,.F.);
#564=ORIENTED_EDGE('',*,*,#1373,.T.);
#565=ORIENTED_EDGE('',*,*,#1374,.T.);
#566=ORIENTED_EDGE('',*,*,#1375,.T.);
#567=ORIENTED_EDGE('',*,*,#1376,.T.);
#568=ORIENTED_EDGE('',*,*,#1377,.T.);
#569=ORIENTED_EDGE('',*,*,#1378,.T.);
#570=ORIENTED_EDGE('',*,*,#1379,.T.);
#571=ORIENTED_EDGE('',*,*,#1380,.T.);
#572=ORIENTED_EDGE('',*,*,#1381,.T.);
#573=ORIENTED_EDGE('',*,*,#1382,.T.);
#574=ORIENTED_EDGE('',*,*,#1383,.T.);
#575=ORIENTED_EDGE('',*,*,#1384,.F.);
#576=ORIENTED_EDGE('',*,*,#1385,.T.);
#577=ORIENTED_EDGE('',*,*,#1349,.F.);
#578=ORIENTED_EDGE('',*,*,#1369,.T.);
#579=ORIENTED_EDGE('',*,*,#1293,.T.);
#580=ORIENTED_EDGE('',*,*,#1386,.T.);
#581=ORIENTED_EDGE('',*,*,#1387,.F.);
#582=ORIENTED_EDGE('',*,*,#1388,.T.);
#583=ORIENTED_EDGE('',*,*,#1389,.F.);
#584=ORIENTED_EDGE('',*,*,#1390,.F.);
#585=ORIENTED_EDGE('',*,*,#1391,.T.);
#586=ORIENTED_EDGE('',*,*,#1215,.T.);
#587=ORIENTED_EDGE('',*,*,#1392,.F.);
#588=ORIENTED_EDGE('',*,*,#1243,.T.);
#589=ORIENTED_EDGE('',*,*,#1393,.T.);
#590=ORIENTED_EDGE('',*,*,#1392,.T.);
#591=ORIENTED_EDGE('',*,*,#1394,.F.);
#592=ORIENTED_EDGE('',*,*,#1242,.T.);
#593=ORIENTED_EDGE('',*,*,#1395,.T.);
#594=ORIENTED_EDGE('',*,*,#1394,.T.);
#595=ORIENTED_EDGE('',*,*,#1396,.T.);
#596=ORIENTED_EDGE('',*,*,#1390,.T.);
#597=ORIENTED_EDGE('',*,*,#1397,.T.);
#598=ORIENTED_EDGE('',*,*,#1398,.T.);
#599=ORIENTED_EDGE('',*,*,#1305,.T.);
#600=ORIENTED_EDGE('',*,*,#1358,.T.);
#601=ORIENTED_EDGE('',*,*,#1336,.T.);
#602=ORIENTED_EDGE('',*,*,#1399,.T.);
#603=ORIENTED_EDGE('',*,*,#1400,.F.);
#604=ORIENTED_EDGE('',*,*,#1401,.T.);
#605=ORIENTED_EDGE('',*,*,#1402,.F.);
#606=ORIENTED_EDGE('',*,*,#1403,.F.);
#607=ORIENTED_EDGE('',*,*,#1404,.F.);
#608=ORIENTED_EDGE('',*,*,#1405,.F.);
#609=ORIENTED_EDGE('',*,*,#1406,.F.);
#610=ORIENTED_EDGE('',*,*,#1407,.F.);
#611=ORIENTED_EDGE('',*,*,#1250,.T.);
#612=ORIENTED_EDGE('',*,*,#1408,.T.);
#613=ORIENTED_EDGE('',*,*,#1409,.T.);
#614=ORIENTED_EDGE('',*,*,#1199,.T.);
#615=ORIENTED_EDGE('',*,*,#1410,.F.);
#616=ORIENTED_EDGE('',*,*,#1410,.T.);
#617=ORIENTED_EDGE('',*,*,#1396,.F.);
#618=ORIENTED_EDGE('',*,*,#1411,.F.);
#619=ORIENTED_EDGE('',*,*,#1411,.T.);
#620=ORIENTED_EDGE('',*,*,#1395,.F.);
#621=ORIENTED_EDGE('',*,*,#1412,.F.);
#622=ORIENTED_EDGE('',*,*,#1412,.T.);
#623=ORIENTED_EDGE('',*,*,#1393,.F.);
#624=ORIENTED_EDGE('',*,*,#1313,.F.);
#625=ORIENTED_EDGE('',*,*,#1413,.T.);
#626=ORIENTED_EDGE('',*,*,#1339,.F.);
#627=ORIENTED_EDGE('',*,*,#1204,.F.);
#628=ORIENTED_EDGE('',*,*,#1409,.F.);
#629=ORIENTED_EDGE('',*,*,#1414,.T.);
#630=ORIENTED_EDGE('',*,*,#1321,.F.);
#631=ORIENTED_EDGE('',*,*,#1200,.F.);
#632=ORIENTED_EDGE('',*,*,#1323,.F.);
#633=ORIENTED_EDGE('',*,*,#1415,.T.);
#634=ORIENTED_EDGE('',*,*,#1311,.F.);
#635=ORIENTED_EDGE('',*,*,#1416,.F.);
#636=ORIENTED_EDGE('',*,*,#1314,.F.);
#637=ORIENTED_EDGE('',*,*,#1202,.F.);
#638=ORIENTED_EDGE('',*,*,#1417,.T.);
#639=ORIENTED_EDGE('',*,*,#1418,.T.);
#640=ORIENTED_EDGE('',*,*,#1419,.F.);
#641=ORIENTED_EDGE('',*,*,#1381,.F.);
#642=ORIENTED_EDGE('',*,*,#1420,.F.);
#643=ORIENTED_EDGE('',*,*,#1249,.F.);
#644=ORIENTED_EDGE('',*,*,#1421,.T.);
#645=ORIENTED_EDGE('',*,*,#1422,.T.);
#646=ORIENTED_EDGE('',*,*,#1340,.F.);
#647=ORIENTED_EDGE('',*,*,#1423,.F.);
#648=ORIENTED_EDGE('',*,*,#1382,.F.);
#649=ORIENTED_EDGE('',*,*,#1419,.T.);
#650=ORIENTED_EDGE('',*,*,#1424,.T.);
#651=ORIENTED_EDGE('',*,*,#1420,.T.);
#652=ORIENTED_EDGE('',*,*,#1380,.F.);
#653=ORIENTED_EDGE('',*,*,#1425,.F.);
#654=ORIENTED_EDGE('',*,*,#1408,.F.);
#655=ORIENTED_EDGE('',*,*,#1423,.T.);
#656=ORIENTED_EDGE('',*,*,#1413,.F.);
#657=ORIENTED_EDGE('',*,*,#1426,.F.);
#658=ORIENTED_EDGE('',*,*,#1383,.F.);
#659=ORIENTED_EDGE('',*,*,#1425,.T.);
#660=ORIENTED_EDGE('',*,*,#1379,.F.);
#661=ORIENTED_EDGE('',*,*,#1427,.F.);
#662=ORIENTED_EDGE('',*,*,#1414,.F.);
#663=ORIENTED_EDGE('',*,*,#1426,.T.);
#664=ORIENTED_EDGE('',*,*,#1312,.F.);
#665=ORIENTED_EDGE('',*,*,#1428,.F.);
#666=ORIENTED_EDGE('',*,*,#1376,.F.);
#667=ORIENTED_EDGE('',*,*,#1427,.T.);
#668=ORIENTED_EDGE('',*,*,#1378,.F.);
#669=ORIENTED_EDGE('',*,*,#1429,.F.);
#670=ORIENTED_EDGE('',*,*,#1322,.F.);
#671=ORIENTED_EDGE('',*,*,#1428,.T.);
#672=ORIENTED_EDGE('',*,*,#1415,.F.);
#673=ORIENTED_EDGE('',*,*,#1429,.T.);
#674=ORIENTED_EDGE('',*,*,#1377,.F.);
#675=ORIENTED_EDGE('',*,*,#1216,.F.);
#676=ORIENTED_EDGE('',*,*,#1391,.F.);
#677=ORIENTED_EDGE('',*,*,#1404,.T.);
#678=ORIENTED_EDGE('',*,*,#1430,.T.);
#679=ORIENTED_EDGE('',*,*,#1214,.T.);
#680=ORIENTED_EDGE('',*,*,#1431,.T.);
#681=ORIENTED_EDGE('',*,*,#1397,.F.);
#682=ORIENTED_EDGE('',*,*,#1389,.T.);
#683=ORIENTED_EDGE('',*,*,#1400,.T.);
#684=ORIENTED_EDGE('',*,*,#1432,.T.);
#685=ORIENTED_EDGE('',*,*,#1220,.F.);
#686=ORIENTED_EDGE('',*,*,#1433,.F.);
#687=ORIENTED_EDGE('',*,*,#1219,.T.);
#688=ORIENTED_EDGE('',*,*,#1434,.F.);
#689=ORIENTED_EDGE('',*,*,#1401,.F.);
#690=ORIENTED_EDGE('',*,*,#1433,.T.);
#691=ORIENTED_EDGE('',*,*,#1218,.F.);
#692=ORIENTED_EDGE('',*,*,#1435,.F.);
#693=ORIENTED_EDGE('',*,*,#1402,.T.);
#694=ORIENTED_EDGE('',*,*,#1434,.T.);
#695=ORIENTED_EDGE('',*,*,#1217,.F.);
#696=ORIENTED_EDGE('',*,*,#1430,.F.);
#697=ORIENTED_EDGE('',*,*,#1403,.T.);
#698=ORIENTED_EDGE('',*,*,#1435,.T.);
#699=ORIENTED_EDGE('',*,*,#1226,.F.);
#700=ORIENTED_EDGE('',*,*,#1436,.T.);
#701=ORIENTED_EDGE('',*,*,#1437,.T.);
#702=ORIENTED_EDGE('',*,*,#1438,.T.);
#703=ORIENTED_EDGE('',*,*,#1439,.T.);
#704=ORIENTED_EDGE('',*,*,#1440,.T.);
#705=ORIENTED_EDGE('',*,*,#1232,.F.);
#706=ORIENTED_EDGE('',*,*,#1441,.F.);
#707=ORIENTED_EDGE('',*,*,#1231,.T.);
#708=ORIENTED_EDGE('',*,*,#1442,.F.);
#709=ORIENTED_EDGE('',*,*,#1443,.F.);
#710=ORIENTED_EDGE('',*,*,#1441,.T.);
#711=ORIENTED_EDGE('',*,*,#1230,.F.);
#712=ORIENTED_EDGE('',*,*,#1444,.F.);
#713=ORIENTED_EDGE('',*,*,#1445,.T.);
#714=ORIENTED_EDGE('',*,*,#1442,.T.);
#715=ORIENTED_EDGE('',*,*,#1229,.F.);
#716=ORIENTED_EDGE('',*,*,#1446,.F.);
#717=ORIENTED_EDGE('',*,*,#1447,.T.);
#718=ORIENTED_EDGE('',*,*,#1444,.T.);
#719=ORIENTED_EDGE('',*,*,#1228,.F.);
#720=ORIENTED_EDGE('',*,*,#1448,.F.);
#721=ORIENTED_EDGE('',*,*,#1449,.T.);
#722=ORIENTED_EDGE('',*,*,#1446,.T.);
#723=ORIENTED_EDGE('',*,*,#1227,.T.);
#724=ORIENTED_EDGE('',*,*,#1438,.F.);
#725=ORIENTED_EDGE('',*,*,#1450,.F.);
#726=ORIENTED_EDGE('',*,*,#1448,.T.);
#727=ORIENTED_EDGE('',*,*,#1437,.F.);
#728=ORIENTED_EDGE('',*,*,#1451,.T.);
#729=ORIENTED_EDGE('',*,*,#1363,.F.);
#730=ORIENTED_EDGE('',*,*,#1355,.T.);
#731=ORIENTED_EDGE('',*,*,#1352,.F.);
#732=ORIENTED_EDGE('',*,*,#1452,.T.);
#733=ORIENTED_EDGE('',*,*,#1439,.F.);
#734=ORIENTED_EDGE('',*,*,#1443,.T.);
#735=ORIENTED_EDGE('',*,*,#1445,.F.);
#736=ORIENTED_EDGE('',*,*,#1447,.F.);
#737=ORIENTED_EDGE('',*,*,#1449,.F.);
#738=ORIENTED_EDGE('',*,*,#1450,.T.);
#739=ORIENTED_EDGE('',*,*,#1452,.F.);
#740=ORIENTED_EDGE('',*,*,#1351,.F.);
#741=ORIENTED_EDGE('',*,*,#1233,.F.);
#742=ORIENTED_EDGE('',*,*,#1440,.F.);
#743=ORIENTED_EDGE('',*,*,#1398,.F.);
#744=ORIENTED_EDGE('',*,*,#1431,.F.);
#745=ORIENTED_EDGE('',*,*,#1213,.F.);
#746=ORIENTED_EDGE('',*,*,#1306,.F.);
#747=ORIENTED_EDGE('',*,*,#1451,.F.);
#748=ORIENTED_EDGE('',*,*,#1436,.F.);
#749=ORIENTED_EDGE('',*,*,#1225,.F.);
#750=ORIENTED_EDGE('',*,*,#1364,.F.);
#751=ORIENTED_EDGE('',*,*,#1399,.F.);
#752=ORIENTED_EDGE('',*,*,#1335,.F.);
#753=ORIENTED_EDGE('',*,*,#1221,.F.);
#754=ORIENTED_EDGE('',*,*,#1432,.F.);
#755=ORIENTED_EDGE('',*,*,#1384,.T.);
#756=ORIENTED_EDGE('',*,*,#1453,.T.);
#757=ORIENTED_EDGE('',*,*,#1236,.F.);
#758=ORIENTED_EDGE('',*,*,#1454,.T.);
#759=ORIENTED_EDGE('',*,*,#1210,.F.);
#760=ORIENTED_EDGE('',*,*,#1455,.F.);
#761=ORIENTED_EDGE('',*,*,#1456,.F.);
#762=ORIENTED_EDGE('',*,*,#1457,.T.);
#763=ORIENTED_EDGE('',*,*,#1238,.F.);
#764=ORIENTED_EDGE('',*,*,#1458,.T.);
#765=ORIENTED_EDGE('',*,*,#1387,.T.);
#766=ORIENTED_EDGE('',*,*,#1459,.T.);
#767=ORIENTED_EDGE('',*,*,#1388,.F.);
#768=ORIENTED_EDGE('',*,*,#1458,.F.);
#769=ORIENTED_EDGE('',*,*,#1237,.F.);
#770=ORIENTED_EDGE('',*,*,#1453,.F.);
#771=ORIENTED_EDGE('',*,*,#1386,.F.);
#772=ORIENTED_EDGE('',*,*,#1292,.F.);
#773=ORIENTED_EDGE('',*,*,#1211,.F.);
#774=ORIENTED_EDGE('',*,*,#1459,.F.);
#775=ORIENTED_EDGE('',*,*,#1385,.F.);
#776=ORIENTED_EDGE('',*,*,#1454,.F.);
#777=ORIENTED_EDGE('',*,*,#1235,.F.);
#778=ORIENTED_EDGE('',*,*,#1350,.F.);
#779=ORIENTED_EDGE('',*,*,#1460,.F.);
#780=ORIENTED_EDGE('',*,*,#1241,.T.);
#781=ORIENTED_EDGE('',*,*,#1371,.F.);
#782=ORIENTED_EDGE('',*,*,#1460,.T.);
#783=ORIENTED_EDGE('',*,*,#1461,.T.);
#784=ORIENTED_EDGE('',*,*,#1240,.T.);
#785=ORIENTED_EDGE('',*,*,#1462,.F.);
#786=ORIENTED_EDGE('',*,*,#1307,.T.);
#787=ORIENTED_EDGE('',*,*,#1463,.T.);
#788=ORIENTED_EDGE('',*,*,#1462,.T.);
#789=ORIENTED_EDGE('',*,*,#1464,.F.);
#790=ORIENTED_EDGE('',*,*,#1308,.T.);
#791=ORIENTED_EDGE('',*,*,#1465,.T.);
#792=ORIENTED_EDGE('',*,*,#1464,.T.);
#793=ORIENTED_EDGE('',*,*,#1466,.F.);
#794=ORIENTED_EDGE('',*,*,#1309,.T.);
#795=ORIENTED_EDGE('',*,*,#1467,.T.);
#796=ORIENTED_EDGE('',*,*,#1466,.T.);
#797=ORIENTED_EDGE('',*,*,#1468,.F.);
#798=ORIENTED_EDGE('',*,*,#1407,.T.);
#799=ORIENTED_EDGE('',*,*,#1469,.T.);
#800=ORIENTED_EDGE('',*,*,#1468,.T.);
#801=ORIENTED_EDGE('',*,*,#1470,.F.);
#802=ORIENTED_EDGE('',*,*,#1406,.T.);
#803=ORIENTED_EDGE('',*,*,#1471,.T.);
#804=ORIENTED_EDGE('',*,*,#1470,.T.);
#805=ORIENTED_EDGE('',*,*,#1472,.F.);
#806=ORIENTED_EDGE('',*,*,#1405,.T.);
#807=ORIENTED_EDGE('',*,*,#1473,.T.);
#808=ORIENTED_EDGE('',*,*,#1472,.T.);
#809=ORIENTED_EDGE('',*,*,#1474,.T.);
#810=ORIENTED_EDGE('',*,*,#1361,.F.);
#811=ORIENTED_EDGE('',*,*,#1475,.T.);
#812=ORIENTED_EDGE('',*,*,#1360,.F.);
#813=ORIENTED_EDGE('',*,*,#1476,.T.);
#814=ORIENTED_EDGE('',*,*,#1359,.F.);
#815=ORIENTED_EDGE('',*,*,#1477,.T.);
#816=ORIENTED_EDGE('',*,*,#1296,.T.);
#817=ORIENTED_EDGE('',*,*,#1478,.T.);
#818=ORIENTED_EDGE('',*,*,#1295,.T.);
#819=ORIENTED_EDGE('',*,*,#1479,.T.);
#820=ORIENTED_EDGE('',*,*,#1294,.T.);
#821=ORIENTED_EDGE('',*,*,#1480,.T.);
#822=ORIENTED_EDGE('',*,*,#1481,.T.);
#823=ORIENTED_EDGE('',*,*,#1181,.F.);
#824=ORIENTED_EDGE('',*,*,#1482,.F.);
#825=ORIENTED_EDGE('',*,*,#1188,.T.);
#826=ORIENTED_EDGE('',*,*,#1483,.F.);
#827=ORIENTED_EDGE('',*,*,#1484,.F.);
#828=ORIENTED_EDGE('',*,*,#1482,.T.);
#829=ORIENTED_EDGE('',*,*,#1187,.T.);
#830=ORIENTED_EDGE('',*,*,#1485,.F.);
#831=ORIENTED_EDGE('',*,*,#1486,.F.);
#832=ORIENTED_EDGE('',*,*,#1483,.T.);
#833=ORIENTED_EDGE('',*,*,#1186,.T.);
#834=ORIENTED_EDGE('',*,*,#1487,.F.);
#835=ORIENTED_EDGE('',*,*,#1488,.F.);
#836=ORIENTED_EDGE('',*,*,#1485,.T.);
#837=ORIENTED_EDGE('',*,*,#1185,.F.);
#838=ORIENTED_EDGE('',*,*,#1489,.F.);
#839=ORIENTED_EDGE('',*,*,#1490,.T.);
#840=ORIENTED_EDGE('',*,*,#1487,.T.);
#841=ORIENTED_EDGE('',*,*,#1184,.T.);
#842=ORIENTED_EDGE('',*,*,#1491,.F.);
#843=ORIENTED_EDGE('',*,*,#1492,.F.);
#844=ORIENTED_EDGE('',*,*,#1489,.T.);
#845=ORIENTED_EDGE('',*,*,#1183,.T.);
#846=ORIENTED_EDGE('',*,*,#1493,.F.);
#847=ORIENTED_EDGE('',*,*,#1494,.F.);
#848=ORIENTED_EDGE('',*,*,#1491,.T.);
#849=ORIENTED_EDGE('',*,*,#1182,.T.);
#850=ORIENTED_EDGE('',*,*,#1481,.F.);
#851=ORIENTED_EDGE('',*,*,#1495,.F.);
#852=ORIENTED_EDGE('',*,*,#1493,.T.);
#853=ORIENTED_EDGE('',*,*,#1495,.T.);
#854=ORIENTED_EDGE('',*,*,#1480,.F.);
#855=ORIENTED_EDGE('',*,*,#1484,.T.);
#856=ORIENTED_EDGE('',*,*,#1486,.T.);
#857=ORIENTED_EDGE('',*,*,#1488,.T.);
#858=ORIENTED_EDGE('',*,*,#1490,.F.);
#859=ORIENTED_EDGE('',*,*,#1492,.T.);
#860=ORIENTED_EDGE('',*,*,#1494,.T.);
#861=ORIENTED_EDGE('',*,*,#1303,.F.);
#862=ORIENTED_EDGE('',*,*,#1367,.T.);
#863=ORIENTED_EDGE('',*,*,#1347,.T.);
#864=ORIENTED_EDGE('',*,*,#1354,.T.);
#865=ORIENTED_EDGE('',*,*,#1362,.T.);
#866=ORIENTED_EDGE('',*,*,#1366,.T.);
#867=ORIENTED_EDGE('',*,*,#1333,.F.);
#868=ORIENTED_EDGE('',*,*,#1357,.T.);
#869=ORIENTED_EDGE('',*,*,#1461,.F.);
#870=ORIENTED_EDGE('',*,*,#1375,.F.);
#871=ORIENTED_EDGE('',*,*,#1496,.F.);
#872=ORIENTED_EDGE('',*,*,#1326,.F.);
#873=ORIENTED_EDGE('',*,*,#1497,.T.);
#874=ORIENTED_EDGE('',*,*,#1498,.T.);
#875=ORIENTED_EDGE('',*,*,#1499,.T.);
#876=ORIENTED_EDGE('',*,*,#1324,.T.);
#877=ORIENTED_EDGE('',*,*,#1500,.T.);
#878=ORIENTED_EDGE('',*,*,#1501,.T.);
#879=ORIENTED_EDGE('',*,*,#1502,.T.);
#880=ORIENTED_EDGE('',*,*,#1503,.T.);
#881=ORIENTED_EDGE('',*,*,#1504,.T.);
#882=ORIENTED_EDGE('',*,*,#1505,.T.);
#883=ORIENTED_EDGE('',*,*,#1330,.T.);
#884=ORIENTED_EDGE('',*,*,#1506,.T.);
#885=ORIENTED_EDGE('',*,*,#1507,.T.);
#886=ORIENTED_EDGE('',*,*,#1508,.T.);
#887=ORIENTED_EDGE('',*,*,#1328,.F.);
#888=ORIENTED_EDGE('',*,*,#1509,.T.);
#889=ORIENTED_EDGE('',*,*,#1503,.F.);
#890=ORIENTED_EDGE('',*,*,#1496,.T.);
#891=ORIENTED_EDGE('',*,*,#1501,.F.);
#892=ORIENTED_EDGE('',*,*,#1510,.T.);
#893=ORIENTED_EDGE('',*,*,#1507,.F.);
#894=ORIENTED_EDGE('',*,*,#1511,.T.);
#895=ORIENTED_EDGE('',*,*,#1469,.F.);
#896=ORIENTED_EDGE('',*,*,#1476,.F.);
#897=ORIENTED_EDGE('',*,*,#1471,.F.);
#898=ORIENTED_EDGE('',*,*,#1475,.F.);
#899=ORIENTED_EDGE('',*,*,#1473,.F.);
#900=ORIENTED_EDGE('',*,*,#1474,.F.);
#901=ORIENTED_EDGE('',*,*,#1463,.F.);
#902=ORIENTED_EDGE('',*,*,#1479,.F.);
#903=ORIENTED_EDGE('',*,*,#1465,.F.);
#904=ORIENTED_EDGE('',*,*,#1478,.F.);
#905=ORIENTED_EDGE('',*,*,#1467,.F.);
#906=ORIENTED_EDGE('',*,*,#1477,.F.);
#907=ORIENTED_EDGE('',*,*,#1329,.F.);
#908=ORIENTED_EDGE('',*,*,#1508,.F.);
#909=ORIENTED_EDGE('',*,*,#1512,.F.);
#910=ORIENTED_EDGE('',*,*,#1506,.F.);
#911=ORIENTED_EDGE('',*,*,#1512,.T.);
#912=ORIENTED_EDGE('',*,*,#1510,.F.);
#913=ORIENTED_EDGE('',*,*,#1513,.F.);
#914=ORIENTED_EDGE('',*,*,#1504,.F.);
#915=ORIENTED_EDGE('',*,*,#1513,.T.);
#916=ORIENTED_EDGE('',*,*,#1500,.F.);
#917=ORIENTED_EDGE('',*,*,#1331,.F.);
#918=ORIENTED_EDGE('',*,*,#1505,.F.);
#919=ORIENTED_EDGE('',*,*,#1327,.F.);
#920=ORIENTED_EDGE('',*,*,#1499,.F.);
#921=ORIENTED_EDGE('',*,*,#1514,.F.);
#922=ORIENTED_EDGE('',*,*,#1509,.F.);
#923=ORIENTED_EDGE('',*,*,#1514,.T.);
#924=ORIENTED_EDGE('',*,*,#1498,.F.);
#925=ORIENTED_EDGE('',*,*,#1515,.F.);
#926=ORIENTED_EDGE('',*,*,#1511,.F.);
#927=ORIENTED_EDGE('',*,*,#1515,.T.);
#928=ORIENTED_EDGE('',*,*,#1497,.F.);
#929=ORIENTED_EDGE('',*,*,#1325,.F.);
#930=ORIENTED_EDGE('',*,*,#1502,.F.);
#931=ORIENTED_EDGE('',*,*,#1370,.F.);
#932=ORIENTED_EDGE('',*,*,#1374,.F.);
#933=ORIENTED_EDGE('',*,*,#1316,.F.);
#934=ORIENTED_EDGE('',*,*,#1516,.F.);
#935=ORIENTED_EDGE('',*,*,#1300,.T.);
#936=ORIENTED_EDGE('',*,*,#1517,.T.);
#937=ORIENTED_EDGE('',*,*,#1315,.T.);
#938=ORIENTED_EDGE('',*,*,#1518,.F.);
#939=ORIENTED_EDGE('',*,*,#1301,.F.);
#940=ORIENTED_EDGE('',*,*,#1516,.T.);
#941=ORIENTED_EDGE('',*,*,#1416,.T.);
#942=ORIENTED_EDGE('',*,*,#1519,.F.);
#943=ORIENTED_EDGE('',*,*,#1368,.F.);
#944=ORIENTED_EDGE('',*,*,#1518,.T.);
#945=ORIENTED_EDGE('',*,*,#1310,.T.);
#946=ORIENTED_EDGE('',*,*,#1520,.F.);
#947=ORIENTED_EDGE('',*,*,#1290,.F.);
#948=ORIENTED_EDGE('',*,*,#1519,.T.);
#949=ORIENTED_EDGE('',*,*,#1320,.T.);
#950=ORIENTED_EDGE('',*,*,#1521,.F.);
#951=ORIENTED_EDGE('',*,*,#1291,.F.);
#952=ORIENTED_EDGE('',*,*,#1520,.T.);
#953=ORIENTED_EDGE('',*,*,#1319,.T.);
#954=ORIENTED_EDGE('',*,*,#1522,.F.);
#955=ORIENTED_EDGE('',*,*,#1297,.F.);
#956=ORIENTED_EDGE('',*,*,#1521,.T.);
#957=ORIENTED_EDGE('',*,*,#1318,.T.);
#958=ORIENTED_EDGE('',*,*,#1523,.F.);
#959=ORIENTED_EDGE('',*,*,#1298,.F.);
#960=ORIENTED_EDGE('',*,*,#1522,.T.);
#961=ORIENTED_EDGE('',*,*,#1317,.T.);
#962=ORIENTED_EDGE('',*,*,#1517,.F.);
#963=ORIENTED_EDGE('',*,*,#1299,.F.);
#964=ORIENTED_EDGE('',*,*,#1523,.T.);
#965=ORIENTED_EDGE('',*,*,#1524,.T.);
#966=ORIENTED_EDGE('',*,*,#1525,.T.);
#967=ORIENTED_EDGE('',*,*,#1526,.T.);
#968=ORIENTED_EDGE('',*,*,#1527,.T.);
#969=ORIENTED_EDGE('',*,*,#1528,.T.);
#970=ORIENTED_EDGE('',*,*,#1529,.T.);
#971=ORIENTED_EDGE('',*,*,#1530,.T.);
#972=ORIENTED_EDGE('',*,*,#1531,.F.);
#973=ORIENTED_EDGE('',*,*,#1532,.T.);
#974=ORIENTED_EDGE('',*,*,#1533,.T.);
#975=ORIENTED_EDGE('',*,*,#1534,.T.);
#976=ORIENTED_EDGE('',*,*,#1535,.F.);
#977=ORIENTED_EDGE('',*,*,#1536,.T.);
#978=ORIENTED_EDGE('',*,*,#1537,.T.);
#979=ORIENTED_EDGE('',*,*,#1538,.T.);
#980=ORIENTED_EDGE('',*,*,#1539,.T.);
#981=ORIENTED_EDGE('',*,*,#1540,.T.);
#982=ORIENTED_EDGE('',*,*,#1541,.T.);
#983=ORIENTED_EDGE('',*,*,#1542,.T.);
#984=ORIENTED_EDGE('',*,*,#1543,.T.);
#985=ORIENTED_EDGE('',*,*,#1544,.T.);
#986=ORIENTED_EDGE('',*,*,#1545,.T.);
#987=ORIENTED_EDGE('',*,*,#1546,.T.);
#988=ORIENTED_EDGE('',*,*,#1547,.T.);
#989=ORIENTED_EDGE('',*,*,#1548,.T.);
#990=ORIENTED_EDGE('',*,*,#1549,.T.);
#991=ORIENTED_EDGE('',*,*,#1550,.T.);
#992=ORIENTED_EDGE('',*,*,#1551,.T.);
#993=ORIENTED_EDGE('',*,*,#1539,.F.);
#994=ORIENTED_EDGE('',*,*,#1552,.T.);
#995=ORIENTED_EDGE('',*,*,#1527,.F.);
#996=ORIENTED_EDGE('',*,*,#1553,.T.);
#997=ORIENTED_EDGE('',*,*,#1531,.T.);
#998=ORIENTED_EDGE('',*,*,#1554,.T.);
#999=ORIENTED_EDGE('',*,*,#1535,.T.);
#1000=ORIENTED_EDGE('',*,*,#1555,.T.);
#1001=ORIENTED_EDGE('',*,*,#1538,.F.);
#1002=ORIENTED_EDGE('',*,*,#1556,.T.);
#1003=ORIENTED_EDGE('',*,*,#1557,.T.);
#1004=ORIENTED_EDGE('',*,*,#1524,.F.);
#1005=ORIENTED_EDGE('',*,*,#1552,.F.);
#1006=ORIENTED_EDGE('',*,*,#1534,.F.);
#1007=ORIENTED_EDGE('',*,*,#1558,.T.);
#1008=ORIENTED_EDGE('',*,*,#1559,.T.);
#1009=ORIENTED_EDGE('',*,*,#1536,.F.);
#1010=ORIENTED_EDGE('',*,*,#1555,.F.);
#1011=ORIENTED_EDGE('',*,*,#1530,.F.);
#1012=ORIENTED_EDGE('',*,*,#1560,.T.);
#1013=ORIENTED_EDGE('',*,*,#1561,.T.);
#1014=ORIENTED_EDGE('',*,*,#1532,.F.);
#1015=ORIENTED_EDGE('',*,*,#1554,.F.);
#1016=ORIENTED_EDGE('',*,*,#1526,.F.);
#1017=ORIENTED_EDGE('',*,*,#1562,.T.);
#1018=ORIENTED_EDGE('',*,*,#1528,.F.);
#1019=ORIENTED_EDGE('',*,*,#1553,.F.);
#1020=ORIENTED_EDGE('',*,*,#1563,.F.);
#1021=ORIENTED_EDGE('',*,*,#1537,.F.);
#1022=ORIENTED_EDGE('',*,*,#1564,.F.);
#1023=ORIENTED_EDGE('',*,*,#1247,.F.);
#1024=ORIENTED_EDGE('',*,*,#1564,.T.);
#1025=ORIENTED_EDGE('',*,*,#1559,.F.);
#1026=ORIENTED_EDGE('',*,*,#1565,.F.);
#1027=ORIENTED_EDGE('',*,*,#1417,.F.);
#1028=ORIENTED_EDGE('',*,*,#1248,.F.);
#1029=ORIENTED_EDGE('',*,*,#1563,.T.);
#1030=ORIENTED_EDGE('',*,*,#1252,.F.);
#1031=ORIENTED_EDGE('',*,*,#1566,.F.);
#1032=ORIENTED_EDGE('',*,*,#1556,.F.);
#1033=ORIENTED_EDGE('',*,*,#1565,.T.);
#1034=ORIENTED_EDGE('',*,*,#1558,.F.);
#1035=ORIENTED_EDGE('',*,*,#1567,.F.);
#1036=ORIENTED_EDGE('',*,*,#1424,.F.);
#1037=ORIENTED_EDGE('',*,*,#1418,.F.);
#1038=ORIENTED_EDGE('',*,*,#1566,.T.);
#1039=ORIENTED_EDGE('',*,*,#1345,.F.);
#1040=ORIENTED_EDGE('',*,*,#1568,.F.);
#1041=ORIENTED_EDGE('',*,*,#1557,.F.);
#1042=ORIENTED_EDGE('',*,*,#1567,.T.);
#1043=ORIENTED_EDGE('',*,*,#1533,.F.);
#1044=ORIENTED_EDGE('',*,*,#1569,.F.);
#1045=ORIENTED_EDGE('',*,*,#1421,.F.);
#1046=ORIENTED_EDGE('',*,*,#1568,.T.);
#1047=ORIENTED_EDGE('',*,*,#1344,.F.);
#1048=ORIENTED_EDGE('',*,*,#1570,.F.);
#1049=ORIENTED_EDGE('',*,*,#1525,.F.);
#1050=ORIENTED_EDGE('',*,*,#1569,.T.);
#1051=ORIENTED_EDGE('',*,*,#1561,.F.);
#1052=ORIENTED_EDGE('',*,*,#1571,.F.);
#1053=ORIENTED_EDGE('',*,*,#1422,.F.);
#1054=ORIENTED_EDGE('',*,*,#1570,.T.);
#1055=ORIENTED_EDGE('',*,*,#1343,.F.);
#1056=ORIENTED_EDGE('',*,*,#1572,.F.);
#1057=ORIENTED_EDGE('',*,*,#1562,.F.);
#1058=ORIENTED_EDGE('',*,*,#1571,.T.);
#1059=ORIENTED_EDGE('',*,*,#1560,.F.);
#1060=ORIENTED_EDGE('',*,*,#1573,.F.);
#1061=ORIENTED_EDGE('',*,*,#1341,.F.);
#1062=ORIENTED_EDGE('',*,*,#1572,.T.);
#1063=ORIENTED_EDGE('',*,*,#1342,.F.);
#1064=ORIENTED_EDGE('',*,*,#1573,.T.);
#1065=ORIENTED_EDGE('',*,*,#1529,.F.);
#1066=ORIENTED_EDGE('',*,*,#1574,.F.);
#1067=ORIENTED_EDGE('',*,*,#1547,.F.);
#1068=ORIENTED_EDGE('',*,*,#1575,.F.);
#1069=ORIENTED_EDGE('',*,*,#1263,.F.);
#1070=ORIENTED_EDGE('',*,*,#1575,.T.);
#1071=ORIENTED_EDGE('',*,*,#1546,.F.);
#1072=ORIENTED_EDGE('',*,*,#1576,.F.);
#1073=ORIENTED_EDGE('',*,*,#1266,.F.);
#1074=ORIENTED_EDGE('',*,*,#1574,.T.);
#1075=ORIENTED_EDGE('',*,*,#1260,.F.);
#1076=ORIENTED_EDGE('',*,*,#1577,.F.);
#1077=ORIENTED_EDGE('',*,*,#1548,.F.);
#1078=ORIENTED_EDGE('',*,*,#1576,.T.);
#1079=ORIENTED_EDGE('',*,*,#1545,.F.);
#1080=ORIENTED_EDGE('',*,*,#1578,.F.);
#1081=ORIENTED_EDGE('',*,*,#1269,.F.);
#1082=ORIENTED_EDGE('',*,*,#1577,.T.);
#1083=ORIENTED_EDGE('',*,*,#1257,.F.);
#1084=ORIENTED_EDGE('',*,*,#1579,.F.);
#1085=ORIENTED_EDGE('',*,*,#1549,.F.);
#1086=ORIENTED_EDGE('',*,*,#1578,.T.);
#1087=ORIENTED_EDGE('',*,*,#1544,.F.);
#1088=ORIENTED_EDGE('',*,*,#1580,.F.);
#1089=ORIENTED_EDGE('',*,*,#1272,.F.);
#1090=ORIENTED_EDGE('',*,*,#1579,.T.);
#1091=ORIENTED_EDGE('',*,*,#1254,.F.);
#1092=ORIENTED_EDGE('',*,*,#1581,.F.);
#1093=ORIENTED_EDGE('',*,*,#1550,.F.);
#1094=ORIENTED_EDGE('',*,*,#1580,.T.);
#1095=ORIENTED_EDGE('',*,*,#1543,.F.);
#1096=ORIENTED_EDGE('',*,*,#1582,.F.);
#1097=ORIENTED_EDGE('',*,*,#1275,.F.);
#1098=ORIENTED_EDGE('',*,*,#1581,.T.);
#1099=ORIENTED_EDGE('',*,*,#1287,.F.);
#1100=ORIENTED_EDGE('',*,*,#1583,.F.);
#1101=ORIENTED_EDGE('',*,*,#1551,.F.);
#1102=ORIENTED_EDGE('',*,*,#1582,.T.);
#1103=ORIENTED_EDGE('',*,*,#1542,.F.);
#1104=ORIENTED_EDGE('',*,*,#1584,.F.);
#1105=ORIENTED_EDGE('',*,*,#1278,.F.);
#1106=ORIENTED_EDGE('',*,*,#1583,.T.);
#1107=ORIENTED_EDGE('',*,*,#1284,.F.);
#1108=ORIENTED_EDGE('',*,*,#1585,.F.);
#1109=ORIENTED_EDGE('',*,*,#1540,.F.);
#1110=ORIENTED_EDGE('',*,*,#1584,.T.);
#1111=ORIENTED_EDGE('',*,*,#1541,.F.);
#1112=ORIENTED_EDGE('',*,*,#1585,.T.);
#1113=ORIENTED_EDGE('',*,*,#1281,.F.);
#1114=ORIENTED_EDGE('',*,*,#1586,.T.);
#1115=ORIENTED_EDGE('',*,*,#1239,.F.);
#1116=ORIENTED_EDGE('',*,*,#1373,.F.);
#1117=ORIENTED_EDGE('',*,*,#1586,.F.);
#1118=ORIENTED_EDGE('',*,*,#1372,.T.);
#1119=ORIENTED_EDGE('',*,*,#1587,.F.);
#1120=ORIENTED_EDGE('',*,*,#1587,.T.);
#1121=ORIENTED_EDGE('',*,*,#1456,.T.);
#1122=ORIENTED_EDGE('',*,*,#1588,.T.);
#1123=ORIENTED_EDGE('',*,*,#1589,.T.);
#1124=ORIENTED_EDGE('',*,*,#1245,.T.);
#1125=ORIENTED_EDGE('',*,*,#1590,.T.);
#1126=ORIENTED_EDGE('',*,*,#1591,.F.);
#1127=ORIENTED_EDGE('',*,*,#1591,.T.);
#1128=ORIENTED_EDGE('',*,*,#1592,.T.);
#1129=ORIENTED_EDGE('',*,*,#1205,.F.);
#1130=ORIENTED_EDGE('',*,*,#1457,.F.);
#1131=ORIENTED_EDGE('',*,*,#1209,.T.);
#1132=ORIENTED_EDGE('',*,*,#1593,.T.);
#1133=ORIENTED_EDGE('',*,*,#1588,.F.);
#1134=ORIENTED_EDGE('',*,*,#1455,.T.);
#1135=ORIENTED_EDGE('',*,*,#1590,.F.);
#1136=ORIENTED_EDGE('',*,*,#1244,.F.);
#1137=ORIENTED_EDGE('',*,*,#1206,.F.);
#1138=ORIENTED_EDGE('',*,*,#1592,.F.);
#1139=ORIENTED_EDGE('',*,*,#1589,.F.);
#1140=ORIENTED_EDGE('',*,*,#1593,.F.);
#1141=ORIENTED_EDGE('',*,*,#1208,.F.);
#1142=ORIENTED_EDGE('',*,*,#1246,.F.);
#1143=ORIENTED_EDGE('',*,*,#1191,.F.);
#1144=ORIENTED_EDGE('',*,*,#1594,.T.);
#1145=ORIENTED_EDGE('',*,*,#1175,.T.);
#1146=ORIENTED_EDGE('',*,*,#1595,.T.);
#1147=ORIENTED_EDGE('',*,*,#1195,.T.);
#1148=ORIENTED_EDGE('',*,*,#1596,.T.);
#1149=ORIENTED_EDGE('',*,*,#1177,.F.);
#1150=ORIENTED_EDGE('',*,*,#1597,.T.);
#1151=ORIENTED_EDGE('',*,*,#1193,.T.);
#1152=ORIENTED_EDGE('',*,*,#1598,.T.);
#1153=ORIENTED_EDGE('',*,*,#1179,.F.);
#1154=ORIENTED_EDGE('',*,*,#1599,.T.);
#1155=ORIENTED_EDGE('',*,*,#1190,.F.);
#1156=ORIENTED_EDGE('',*,*,#1338,.F.);
#1157=ORIENTED_EDGE('',*,*,#1600,.T.);
#1158=ORIENTED_EDGE('',*,*,#1594,.F.);
#1159=ORIENTED_EDGE('',*,*,#1192,.F.);
#1160=ORIENTED_EDGE('',*,*,#1595,.F.);
#1161=ORIENTED_EDGE('',*,*,#1180,.F.);
#1162=ORIENTED_EDGE('',*,*,#1598,.F.);
#1163=ORIENTED_EDGE('',*,*,#1194,.F.);
#1164=ORIENTED_EDGE('',*,*,#1599,.F.);
#1165=ORIENTED_EDGE('',*,*,#1178,.F.);
#1166=ORIENTED_EDGE('',*,*,#1596,.F.);
#1167=ORIENTED_EDGE('',*,*,#1196,.F.);
#1168=ORIENTED_EDGE('',*,*,#1597,.F.);
#1169=ORIENTED_EDGE('',*,*,#1601,.T.);
#1170=ORIENTED_EDGE('',*,*,#1346,.F.);
#1171=ORIENTED_EDGE('',*,*,#1601,.F.);
#1172=ORIENTED_EDGE('',*,*,#1176,.F.);
#1173=ORIENTED_EDGE('',*,*,#1600,.F.);
#1174=ORIENTED_EDGE('',*,*,#1337,.F.);
#1175=EDGE_CURVE('',#1602,#1603,#1894,.T.);
#1176=EDGE_CURVE('',#1602,#1604,#1895,.F.);
#1177=EDGE_CURVE('',#1604,#1605,#1896,.T.);
#1178=EDGE_CURVE('',#1605,#1606,#144,.T.);
#1179=EDGE_CURVE('',#1606,#1607,#1897,.T.);
#1180=EDGE_CURVE('',#1607,#1603,#145,.T.);
#1181=EDGE_CURVE('',#1608,#1609,#1898,.T.);
#1182=EDGE_CURVE('',#1610,#1609,#146,.T.);
#1183=EDGE_CURVE('',#1611,#1610,#1899,.T.);
#1184=EDGE_CURVE('',#1612,#1611,#147,.T.);
#1185=EDGE_CURVE('',#1612,#1613,#1900,.T.);
#1186=EDGE_CURVE('',#1614,#1613,#148,.T.);
#1187=EDGE_CURVE('',#1615,#1614,#1901,.T.);
#1188=EDGE_CURVE('',#1608,#1615,#149,.T.);
#1189=EDGE_CURVE('',#1616,#1617,#1902,.T.);
#1190=EDGE_CURVE('',#1617,#1618,#150,.T.);
#1191=EDGE_CURVE('',#1618,#1619,#1903,.T.);
#1192=EDGE_CURVE('',#1619,#1620,#151,.F.);
#1193=EDGE_CURVE('',#1621,#1620,#1904,.T.);
#1194=EDGE_CURVE('',#1621,#1622,#152,.F.);
#1195=EDGE_CURVE('',#1623,#1622,#1905,.T.);
#1196=EDGE_CURVE('',#1623,#1624,#153,.T.);
#1197=EDGE_CURVE('',#1624,#1625,#1906,.T.);
#1198=EDGE_CURVE('',#1625,#1626,#154,.T.);
#1199=EDGE_CURVE('',#1627,#1626,#1907,.T.);
#1200=EDGE_CURVE('',#1627,#1628,#155,.T.);
#1201=EDGE_CURVE('',#1629,#1628,#1908,.T.);
#1202=EDGE_CURVE('',#1629,#1630,#156,.T.);
#1203=EDGE_CURVE('',#1630,#1631,#1909,.T.);
#1204=EDGE_CURVE('',#1631,#1616,#157,.T.);
#1205=EDGE_CURVE('',#1632,#1633,#1910,.T.);
#1206=EDGE_CURVE('',#1633,#1634,#158,.T.);
#1207=EDGE_CURVE('',#1635,#1634,#159,.T.);
#1208=EDGE_CURVE('',#1635,#1636,#160,.T.);
#1209=EDGE_CURVE('',#1637,#1636,#1911,.T.);
#1210=EDGE_CURVE('',#1637,#1638,#1912,.T.);
#1211=EDGE_CURVE('',#1638,#1639,#161,.F.);
#1212=EDGE_CURVE('',#1639,#1640,#1913,.T.);
#1213=EDGE_CURVE('',#1640,#1641,#162,.T.);
#1214=EDGE_CURVE('',#1642,#1641,#1914,.T.);
#1215=EDGE_CURVE('',#1643,#1642,#163,.T.);
#1216=EDGE_CURVE('',#1643,#1644,#1915,.T.);
#1217=EDGE_CURVE('',#1644,#1645,#164,.T.);
#1218=EDGE_CURVE('',#1645,#1646,#1916,.T.);
#1219=EDGE_CURVE('',#1647,#1646,#165,.T.);
#1220=EDGE_CURVE('',#1647,#1648,#1917,.T.);
#1221=EDGE_CURVE('',#1648,#1649,#166,.T.);
#1222=EDGE_CURVE('',#1649,#1650,#1918,.T.);
#1223=EDGE_CURVE('',#1650,#1651,#167,.T.);
#1224=EDGE_CURVE('',#1652,#1651,#1919,.T.);
#1225=EDGE_CURVE('',#1652,#1653,#168,.T.);
#1226=EDGE_CURVE('',#1653,#1654,#1920,.T.);
#1227=EDGE_CURVE('',#1655,#1654,#169,.T.);
#1228=EDGE_CURVE('',#1655,#1656,#1921,.T.);
#1229=EDGE_CURVE('',#1656,#1657,#170,.T.);
#1230=EDGE_CURVE('',#1657,#1658,#1922,.T.);
#1231=EDGE_CURVE('',#1659,#1658,#171,.T.);
#1232=EDGE_CURVE('',#1659,#1660,#1923,.T.);
#1233=EDGE_CURVE('',#1660,#1661,#172,.T.);
#1234=EDGE_CURVE('',#1662,#1661,#1924,.T.);
#1235=EDGE_CURVE('',#1662,#1663,#173,.F.);
#1236=EDGE_CURVE('',#1663,#1664,#1925,.T.);
#1237=EDGE_CURVE('',#1664,#1665,#174,.F.);
#1238=EDGE_CURVE('',#1665,#1632,#1926,.T.);
#1239=EDGE_CURVE('',#1666,#1666,#175,.T.);
#1240=EDGE_CURVE('',#1667,#1667,#176,.T.);
#1241=EDGE_CURVE('',#1668,#1668,#177,.T.);
#1242=EDGE_CURVE('',#1669,#1669,#178,.T.);
#1243=EDGE_CURVE('',#1670,#1670,#179,.T.);
#1244=EDGE_CURVE('',#1634,#1671,#1927,.F.);
#1245=EDGE_CURVE('',#1672,#1671,#180,.T.);
#1246=EDGE_CURVE('',#1672,#1635,#1928,.T.);
#1247=EDGE_CURVE('',#1673,#1674,#1929,.F.);
#1248=EDGE_CURVE('',#1674,#1675,#48,.T.);
#1249=EDGE_CURVE('',#1675,#1676,#181,.T.);
#1250=EDGE_CURVE('',#1626,#1676,#1930,.T.);
#1251=EDGE_CURVE('',#1677,#1625,#1931,.F.);
#1252=EDGE_CURVE('',#1677,#1673,#49,.T.);
#1253=EDGE_CURVE('',#1678,#1679,#1932,.T.);
#1254=EDGE_CURVE('',#1679,#1680,#1933,.T.);
#1255=EDGE_CURVE('',#1681,#1680,#1934,.T.);
#1256=EDGE_CURVE('',#1681,#1678,#1935,.T.);
#1257=EDGE_CURVE('',#1680,#1682,#182,.T.);
#1258=EDGE_CURVE('',#1683,#1682,#1936,.T.);
#1259=EDGE_CURVE('',#1681,#1683,#183,.T.);
#1260=EDGE_CURVE('',#1682,#1684,#1937,.T.);
#1261=EDGE_CURVE('',#1685,#1684,#1938,.T.);
#1262=EDGE_CURVE('',#1685,#1683,#1939,.T.);
#1263=EDGE_CURVE('',#1684,#1686,#184,.T.);
#1264=EDGE_CURVE('',#1687,#1686,#1940,.T.);
#1265=EDGE_CURVE('',#1685,#1687,#185,.T.);
#1266=EDGE_CURVE('',#1686,#1688,#1941,.T.);
#1267=EDGE_CURVE('',#1689,#1688,#1942,.T.);
#1268=EDGE_CURVE('',#1689,#1687,#1943,.T.);
#1269=EDGE_CURVE('',#1688,#1690,#186,.T.);
#1270=EDGE_CURVE('',#1691,#1690,#1944,.T.);
#1271=EDGE_CURVE('',#1689,#1691,#187,.T.);
#1272=EDGE_CURVE('',#1690,#1692,#1945,.T.);
#1273=EDGE_CURVE('',#1693,#1692,#1946,.T.);
#1274=EDGE_CURVE('',#1691,#1693,#1947,.T.);
#1275=EDGE_CURVE('',#1692,#1694,#188,.T.);
#1276=EDGE_CURVE('',#1695,#1694,#1948,.T.);
#1277=EDGE_CURVE('',#1693,#1695,#189,.T.);
#1278=EDGE_CURVE('',#1694,#1696,#1949,.T.);
#1279=EDGE_CURVE('',#1697,#1696,#1950,.T.);
#1280=EDGE_CURVE('',#1695,#1697,#1951,.T.);
#1281=EDGE_CURVE('',#1696,#1698,#190,.T.);
#1282=EDGE_CURVE('',#1699,#1698,#1952,.T.);
#1283=EDGE_CURVE('',#1697,#1699,#191,.T.);
#1284=EDGE_CURVE('',#1698,#1700,#1953,.T.);
#1285=EDGE_CURVE('',#1701,#1700,#1954,.T.);
#1286=EDGE_CURVE('',#1699,#1701,#1955,.T.);
#1287=EDGE_CURVE('',#1700,#1679,#192,.T.);
#1288=EDGE_CURVE('',#1701,#1678,#193,.T.);
#1289=EDGE_CURVE('',#1702,#1703,#1956,.F.);
#1290=EDGE_CURVE('',#1703,#1704,#194,.T.);
#1291=EDGE_CURVE('',#1704,#1639,#1957,.T.);
#1292=EDGE_CURVE('',#1639,#1705,#1958,.F.);
#1293=EDGE_CURVE('',#1702,#1705,#1959,.T.);
#1294=EDGE_CURVE('',#1706,#1706,#195,.T.);
#1295=EDGE_CURVE('',#1707,#1707,#196,.T.);
#1296=EDGE_CURVE('',#1708,#1708,#197,.T.);
#1297=EDGE_CURVE('',#1639,#1709,#198,.T.);
#1298=EDGE_CURVE('',#1709,#1710,#1960,.T.);
#1299=EDGE_CURVE('',#1710,#1711,#199,.T.);
#1300=EDGE_CURVE('',#1712,#1711,#1961,.T.);
#1301=EDGE_CURVE('',#1712,#1713,#200,.T.);
#1302=EDGE_CURVE('',#1713,#1714,#1962,.F.);
#1303=EDGE_CURVE('',#1714,#1715,#1963,.T.);
#1304=EDGE_CURVE('',#1715,#1716,#1964,.T.);
#1305=EDGE_CURVE('',#1717,#1716,#1965,.T.);
#1306=EDGE_CURVE('',#1717,#1640,#1966,.T.);
#1307=EDGE_CURVE('',#1718,#1718,#201,.T.);
#1308=EDGE_CURVE('',#1719,#1719,#202,.T.);
#1309=EDGE_CURVE('',#1720,#1720,#203,.T.);
#1310=EDGE_CURVE('',#1721,#1722,#204,.T.);
#1311=EDGE_CURVE('',#1721,#1723,#1967,.T.);
#1312=EDGE_CURVE('',#1723,#1724,#1968,.T.);
#1313=EDGE_CURVE('',#1724,#1631,#1969,.F.);
#1314=EDGE_CURVE('',#1630,#1725,#1970,.T.);
#1315=EDGE_CURVE('',#1726,#1725,#205,.T.);
#1316=EDGE_CURVE('',#1726,#1727,#1971,.T.);
#1317=EDGE_CURVE('',#1728,#1727,#206,.T.);
#1318=EDGE_CURVE('',#1729,#1728,#1972,.T.);
#1319=EDGE_CURVE('',#1730,#1729,#207,.T.);
#1320=EDGE_CURVE('',#1722,#1730,#1973,.T.);
#1321=EDGE_CURVE('',#1628,#1731,#1974,.T.);
#1322=EDGE_CURVE('',#1731,#1732,#1975,.F.);
#1323=EDGE_CURVE('',#1732,#1629,#1976,.F.);
#1324=EDGE_CURVE('',#1733,#1734,#1977,.T.);
#1325=EDGE_CURVE('',#1733,#1735,#208,.F.);
#1326=EDGE_CURVE('',#1735,#1736,#1978,.T.);
#1327=EDGE_CURVE('',#1736,#1737,#209,.F.);
#1328=EDGE_CURVE('',#1737,#1738,#1979,.T.);
#1329=EDGE_CURVE('',#1738,#1739,#210,.F.);
#1330=EDGE_CURVE('',#1740,#1739,#1980,.T.);
#1331=EDGE_CURVE('',#1740,#1734,#211,.F.);
#1332=EDGE_CURVE('',#1741,#1742,#1981,.F.);
#1333=EDGE_CURVE('',#1742,#1743,#1982,.T.);
#1334=EDGE_CURVE('',#1743,#1650,#1983,.T.);
#1335=EDGE_CURVE('',#1649,#1744,#1984,.F.);
#1336=EDGE_CURVE('',#1741,#1744,#1985,.T.);
#1337=EDGE_CURVE('',#1745,#1746,#1986,.T.);
#1338=EDGE_CURVE('',#1746,#1617,#1987,.F.);
#1339=EDGE_CURVE('',#1616,#1747,#1988,.T.);
#1340=EDGE_CURVE('',#1747,#1748,#1989,.T.);
#1341=EDGE_CURVE('',#1748,#1749,#212,.T.);
#1342=EDGE_CURVE('',#1749,#1750,#1990,.T.);
#1343=EDGE_CURVE('',#1750,#1751,#213,.T.);
#1344=EDGE_CURVE('',#1751,#1752,#1991,.T.);
#1345=EDGE_CURVE('',#1752,#1677,#214,.T.);
#1346=EDGE_CURVE('',#1624,#1745,#1992,.T.);
#1347=EDGE_CURVE('',#1753,#1754,#1993,.T.);
#1348=EDGE_CURVE('',#1753,#1755,#1994,.T.);
#1349=EDGE_CURVE('',#1755,#1756,#1995,.T.);
#1350=EDGE_CURVE('',#1756,#1662,#1996,.T.);
#1351=EDGE_CURVE('',#1661,#1757,#1997,.F.);
#1352=EDGE_CURVE('',#1757,#1758,#1998,.T.);
#1353=EDGE_CURVE('',#1758,#1754,#1999,.F.);
#1354=EDGE_CURVE('',#1754,#1759,#215,.F.);
#1355=EDGE_CURVE('',#1760,#1758,#216,.T.);
#1356=EDGE_CURVE('',#1759,#1760,#2000,.T.);
#1357=EDGE_CURVE('',#1742,#1715,#217,.F.);
#1358=EDGE_CURVE('',#1716,#1741,#218,.T.);
#1359=EDGE_CURVE('',#1761,#1761,#219,.T.);
#1360=EDGE_CURVE('',#1762,#1762,#220,.T.);
#1361=EDGE_CURVE('',#1763,#1763,#221,.T.);
#1362=EDGE_CURVE('',#1759,#1764,#2001,.T.);
#1363=EDGE_CURVE('',#1760,#1765,#2002,.T.);
#1364=EDGE_CURVE('',#1765,#1652,#2003,.T.);
#1365=EDGE_CURVE('',#1651,#1764,#2004,.F.);
#1366=EDGE_CURVE('',#1764,#1743,#222,.F.);
#1367=EDGE_CURVE('',#1714,#1753,#223,.F.);
#1368=EDGE_CURVE('',#1713,#1703,#2005,.T.);
#1369=EDGE_CURVE('',#1755,#1702,#224,.T.);
#1370=EDGE_CURVE('',#1766,#1766,#225,.F.);
#1371=EDGE_CURVE('',#1767,#1767,#226,.T.);
#1372=EDGE_CURVE('',#1768,#1768,#227,.T.);
#1373=EDGE_CURVE('',#1769,#1769,#228,.T.);
#1374=EDGE_CURVE('',#1770,#1770,#229,.T.);
#1375=EDGE_CURVE('',#1771,#1771,#230,.T.);
#1376=EDGE_CURVE('',#1772,#1773,#2006,.F.);
#1377=EDGE_CURVE('',#1773,#1774,#231,.F.);
#1378=EDGE_CURVE('',#1774,#1775,#2007,.T.);
#1379=EDGE_CURVE('',#1775,#1776,#232,.F.);
#1380=EDGE_CURVE('',#1776,#1777,#2008,.T.);
#1381=EDGE_CURVE('',#1777,#1778,#233,.F.);
#1382=EDGE_CURVE('',#1778,#1779,#2009,.F.);
#1383=EDGE_CURVE('',#1779,#1772,#234,.F.);
#1384=EDGE_CURVE('',#1780,#1781,#2010,.T.);
#1385=EDGE_CURVE('',#1780,#1756,#235,.T.);
#1386=EDGE_CURVE('',#1705,#1782,#236,.T.);
#1387=EDGE_CURVE('',#1783,#1782,#2011,.T.);
#1388=EDGE_CURVE('',#1783,#1781,#237,.T.);
#1389=EDGE_CURVE('',#1784,#1642,#2012,.T.);
#1390=EDGE_CURVE('',#1785,#1784,#238,.T.);
#1391=EDGE_CURVE('',#1785,#1643,#2013,.T.);
#1392=EDGE_CURVE('',#1786,#1786,#239,.T.);
#1393=EDGE_CURVE('',#1787,#1787,#240,.T.);
#1394=EDGE_CURVE('',#1788,#1788,#241,.T.);
#1395=EDGE_CURVE('',#1789,#1789,#242,.T.);
#1396=EDGE_CURVE('',#1790,#1790,#243,.T.);
#1397=EDGE_CURVE('',#1784,#1791,#2014,.T.);
#1398=EDGE_CURVE('',#1791,#1717,#244,.F.);
#1399=EDGE_CURVE('',#1744,#1792,#245,.F.);
#1400=EDGE_CURVE('',#1793,#1792,#2015,.T.);
#1401=EDGE_CURVE('',#1793,#1794,#246,.T.);
#1402=EDGE_CURVE('',#1795,#1794,#2016,.T.);
#1403=EDGE_CURVE('',#1796,#1795,#247,.T.);
#1404=EDGE_CURVE('',#1785,#1796,#2017,.T.);
#1405=EDGE_CURVE('',#1797,#1797,#248,.T.);
#1406=EDGE_CURVE('',#1798,#1798,#249,.T.);
#1407=EDGE_CURVE('',#1799,#1799,#250,.T.);
#1408=EDGE_CURVE('',#1676,#1800,#2018,.F.);
#1409=EDGE_CURVE('',#1800,#1627,#2019,.F.);
#1410=EDGE_CURVE('',#1802,#1802,#251,.T.);
#1411=EDGE_CURVE('',#1804,#1804,#252,.T.);
#1412=EDGE_CURVE('',#1806,#1806,#253,.T.);
#1413=EDGE_CURVE('',#1724,#1747,#254,.T.);
#1414=EDGE_CURVE('',#1800,#1731,#255,.T.);
#1415=EDGE_CURVE('',#1732,#1723,#256,.T.);
#1416=EDGE_CURVE('',#1725,#1721,#2020,.T.);
#1417=EDGE_CURVE('',#1675,#1807,#50,.T.);
#1418=EDGE_CURVE('',#1807,#1808,#51,.T.);
#1419=EDGE_CURVE('',#1778,#1808,#257,.T.);
#1420=EDGE_CURVE('',#1676,#1777,#258,.T.);
#1421=EDGE_CURVE('',#1809,#1810,#2021,.F.);
#1422=EDGE_CURVE('',#1810,#1748,#52,.T.);
#1423=EDGE_CURVE('',#1779,#1747,#259,.T.);
#1424=EDGE_CURVE('',#1808,#1809,#53,.T.);
#1425=EDGE_CURVE('',#1800,#1776,#260,.T.);
#1426=EDGE_CURVE('',#1772,#1724,#261,.T.);
#1427=EDGE_CURVE('',#1731,#1775,#262,.T.);
#1428=EDGE_CURVE('',#1773,#1723,#263,.T.);
#1429=EDGE_CURVE('',#1732,#1774,#264,.T.);
#1430=EDGE_CURVE('',#1796,#1644,#2022,.T.);
#1431=EDGE_CURVE('',#1641,#1791,#2023,.F.);
#1432=EDGE_CURVE('',#1792,#1648,#2024,.T.);
#1433=EDGE_CURVE('',#1793,#1647,#2025,.T.);
#1434=EDGE_CURVE('',#1794,#1646,#2026,.T.);
#1435=EDGE_CURVE('',#1795,#1645,#2027,.T.);
#1436=EDGE_CURVE('',#1653,#1811,#2028,.F.);
#1437=EDGE_CURVE('',#1811,#1812,#2029,.T.);
#1438=EDGE_CURVE('',#1812,#1654,#2030,.T.);
#1439=EDGE_CURVE('',#1813,#1814,#2031,.T.);
#1440=EDGE_CURVE('',#1814,#1660,#2032,.T.);
#1441=EDGE_CURVE('',#1813,#1659,#2033,.T.);
#1442=EDGE_CURVE('',#1815,#1658,#2034,.T.);
#1443=EDGE_CURVE('',#1813,#1815,#265,.T.);
#1444=EDGE_CURVE('',#1816,#1657,#2035,.T.);
#1445=EDGE_CURVE('',#1816,#1815,#2036,.T.);
#1446=EDGE_CURVE('',#1817,#1656,#2037,.T.);
#1447=EDGE_CURVE('',#1817,#1816,#266,.T.);
#1448=EDGE_CURVE('',#1818,#1655,#2038,.T.);
#1449=EDGE_CURVE('',#1818,#1817,#2039,.T.);
#1450=EDGE_CURVE('',#1818,#1812,#267,.T.);
#1451=EDGE_CURVE('',#1811,#1765,#268,.F.);
#1452=EDGE_CURVE('',#1757,#1814,#269,.F.);
#1453=EDGE_CURVE('',#1781,#1664,#2040,.T.);
#1454=EDGE_CURVE('',#1663,#1780,#2041,.F.);
#1455=EDGE_CURVE('',#1819,#1637,#2042,.T.);
#1456=EDGE_CURVE('',#1820,#1819,#2043,.T.);
#1457=EDGE_CURVE('',#1820,#1632,#2044,.T.);
#1458=EDGE_CURVE('',#1665,#1783,#2045,.F.);
#1459=EDGE_CURVE('',#1782,#1638,#2046,.T.);
#1460=EDGE_CURVE('',#1821,#1821,#270,.T.);
#1461=EDGE_CURVE('',#1822,#1822,#271,.F.);
#1462=EDGE_CURVE('',#1823,#1823,#272,.T.);
#1463=EDGE_CURVE('',#1824,#1824,#273,.F.);
#1464=EDGE_CURVE('',#1825,#1825,#274,.T.);
#1465=EDGE_CURVE('',#1826,#1826,#275,.F.);
#1466=EDGE_CURVE('',#1827,#1827,#276,.T.);
#1467=EDGE_CURVE('',#1828,#1828,#277,.F.);
#1468=EDGE_CURVE('',#1829,#1829,#278,.T.);
#1469=EDGE_CURVE('',#1830,#1830,#279,.F.);
#1470=EDGE_CURVE('',#1831,#1831,#280,.T.);
#1471=EDGE_CURVE('',#1832,#1832,#281,.F.);
#1472=EDGE_CURVE('',#1833,#1833,#282,.T.);
#1473=EDGE_CURVE('',#1834,#1834,#283,.F.);
#1474=EDGE_CURVE('',#1835,#1835,#284,.T.);
#1475=EDGE_CURVE('',#1836,#1836,#285,.T.);
#1476=EDGE_CURVE('',#1837,#1837,#286,.T.);
#1477=EDGE_CURVE('',#1838,#1838,#287,.T.);
#1478=EDGE_CURVE('',#1839,#1839,#288,.T.);
#1479=EDGE_CURVE('',#1840,#1840,#289,.T.);
#1480=EDGE_CURVE('',#1841,#1842,#2047,.T.);
#1481=EDGE_CURVE('',#1842,#1609,#2048,.T.);
#1482=EDGE_CURVE('',#1841,#1608,#2049,.T.);
#1483=EDGE_CURVE('',#1843,#1615,#2050,.T.);
#1484=EDGE_CURVE('',#1841,#1843,#290,.T.);
#1485=EDGE_CURVE('',#1844,#1614,#2051,.T.);
#1486=EDGE_CURVE('',#1843,#1844,#2052,.T.);
#1487=EDGE_CURVE('',#1845,#1613,#2053,.T.);
#1488=EDGE_CURVE('',#1844,#1845,#291,.T.);
#1489=EDGE_CURVE('',#1846,#1612,#2054,.T.);
#1490=EDGE_CURVE('',#1846,#1845,#2055,.T.);
#1491=EDGE_CURVE('',#1847,#1611,#2056,.T.);
#1492=EDGE_CURVE('',#1846,#1847,#292,.T.);
#1493=EDGE_CURVE('',#1848,#1610,#2057,.T.);
#1494=EDGE_CURVE('',#1847,#1848,#2058,.T.);
#1495=EDGE_CURVE('',#1848,#1842,#293,.T.);
#1496=EDGE_CURVE('',#1849,#1849,#294,.T.);
#1497=EDGE_CURVE('',#1735,#1850,#2059,.F.);
#1498=EDGE_CURVE('',#1850,#1851,#295,.T.);
#1499=EDGE_CURVE('',#1851,#1736,#2060,.T.);
#1500=EDGE_CURVE('',#1734,#1852,#2061,.F.);
#1501=EDGE_CURVE('',#1852,#1853,#2062,.F.);
#1502=EDGE_CURVE('',#1853,#1733,#2063,.T.);
#1503=EDGE_CURVE('',#1854,#1854,#296,.T.);
#1504=EDGE_CURVE('',#1855,#1856,#297,.F.);
#1505=EDGE_CURVE('',#1856,#1740,#2064,.T.);
#1506=EDGE_CURVE('',#1739,#1855,#2065,.F.);
#1507=EDGE_CURVE('',#1857,#1858,#2066,.T.);
#1508=EDGE_CURVE('',#1858,#1738,#2067,.T.);
#1509=EDGE_CURVE('',#1737,#1857,#2068,.F.);
#1510=EDGE_CURVE('',#1852,#1858,#298,.T.);
#1511=EDGE_CURVE('',#1857,#1853,#299,.F.);
#1512=EDGE_CURVE('',#1855,#1858,#300,.T.);
#1513=EDGE_CURVE('',#1856,#1852,#301,.T.);
#1514=EDGE_CURVE('',#1857,#1851,#302,.T.);
#1515=EDGE_CURVE('',#1853,#1850,#303,.T.);
#1516=EDGE_CURVE('',#1712,#1726,#2069,.T.);
#1517=EDGE_CURVE('',#1711,#1727,#2070,.T.);
#1518=EDGE_CURVE('',#1713,#1725,#2071,.T.);
#1519=EDGE_CURVE('',#1703,#1721,#2072,.T.);
#1520=EDGE_CURVE('',#1704,#1722,#2073,.T.);
#1521=EDGE_CURVE('',#1639,#1730,#2074,.T.);
#1522=EDGE_CURVE('',#1709,#1729,#2075,.T.);
#1523=EDGE_CURVE('',#1710,#1728,#2076,.T.);
#1524=EDGE_CURVE('',#1859,#1860,#2077,.T.);
#1525=EDGE_CURVE('',#1860,#1861,#2078,.T.);
#1526=EDGE_CURVE('',#1861,#1862,#2079,.F.);
#1527=EDGE_CURVE('',#1862,#1859,#2080,.T.);
#1528=EDGE_CURVE('',#1863,#1864,#2081,.T.);
#1529=EDGE_CURVE('',#1864,#1865,#2082,.T.);
#1530=EDGE_CURVE('',#1865,#1866,#2083,.F.);
#1531=EDGE_CURVE('',#1863,#1866,#2084,.T.);
#1532=EDGE_CURVE('',#1867,#1868,#2085,.T.);
#1533=EDGE_CURVE('',#1868,#1869,#2086,.T.);
#1534=EDGE_CURVE('',#1869,#1870,#2087,.F.);
#1535=EDGE_CURVE('',#1867,#1870,#2088,.T.);
#1536=EDGE_CURVE('',#1871,#1872,#2089,.T.);
#1537=EDGE_CURVE('',#1872,#1873,#2090,.T.);
#1538=EDGE_CURVE('',#1873,#1874,#2091,.F.);
#1539=EDGE_CURVE('',#1874,#1871,#2092,.T.);
#1540=EDGE_CURVE('',#1875,#1876,#2093,.T.);
#1541=EDGE_CURVE('',#1876,#1877,#304,.F.);
#1542=EDGE_CURVE('',#1877,#1878,#2094,.T.);
#1543=EDGE_CURVE('',#1878,#1879,#305,.F.);
#1544=EDGE_CURVE('',#1879,#1880,#2095,.T.);
#1545=EDGE_CURVE('',#1880,#1881,#306,.F.);
#1546=EDGE_CURVE('',#1881,#1882,#2096,.T.);
#1547=EDGE_CURVE('',#1882,#1883,#307,.F.);
#1548=EDGE_CURVE('',#1883,#1884,#2097,.T.);
#1549=EDGE_CURVE('',#1884,#1885,#308,.F.);
#1550=EDGE_CURVE('',#1885,#1886,#2098,.T.);
#1551=EDGE_CURVE('',#1886,#1875,#309,.F.);
#1552=EDGE_CURVE('',#1874,#1859,#310,.T.);
#1553=EDGE_CURVE('',#1862,#1863,#311,.T.);
#1554=EDGE_CURVE('',#1866,#1867,#312,.T.);
#1555=EDGE_CURVE('',#1870,#1871,#313,.T.);
#1556=EDGE_CURVE('',#1873,#1887,#54,.T.);
#1557=EDGE_CURVE('',#1887,#1860,#314,.F.);
#1558=EDGE_CURVE('',#1869,#1888,#55,.T.);
#1559=EDGE_CURVE('',#1888,#1872,#56,.T.);
#1560=EDGE_CURVE('',#1865,#1889,#315,.F.);
#1561=EDGE_CURVE('',#1889,#1868,#57,.T.);
#1562=EDGE_CURVE('',#1861,#1864,#316,.F.);
#1563=EDGE_CURVE('',#1873,#1673,#58,.F.);
#1564=EDGE_CURVE('',#1674,#1872,#59,.F.);
#1565=EDGE_CURVE('',#1807,#1888,#60,.F.);
#1566=EDGE_CURVE('',#1887,#1677,#61,.T.);
#1567=EDGE_CURVE('',#1809,#1869,#62,.T.);
#1568=EDGE_CURVE('',#1860,#1752,#2099,.T.);
#1569=EDGE_CURVE('',#1810,#1868,#63,.F.);
#1570=EDGE_CURVE('',#1861,#1751,#2100,.T.);
#1571=EDGE_CURVE('',#1748,#1889,#64,.T.);
#1572=EDGE_CURVE('',#1864,#1750,#2101,.T.);
#1573=EDGE_CURVE('',#1749,#1865,#2102,.T.);
#1574=EDGE_CURVE('',#1883,#1684,#2103,.T.);
#1575=EDGE_CURVE('',#1686,#1882,#2104,.T.);
#1576=EDGE_CURVE('',#1688,#1881,#2105,.T.);
#1577=EDGE_CURVE('',#1884,#1682,#2106,.T.);
#1578=EDGE_CURVE('',#1690,#1880,#2107,.T.);
#1579=EDGE_CURVE('',#1885,#1680,#2108,.T.);
#1580=EDGE_CURVE('',#1692,#1879,#2109,.T.);
#1581=EDGE_CURVE('',#1886,#1679,#2110,.T.);
#1582=EDGE_CURVE('',#1694,#1878,#2111,.T.);
#1583=EDGE_CURVE('',#1875,#1700,#2112,.T.);
#1584=EDGE_CURVE('',#1696,#1877,#2113,.T.);
#1585=EDGE_CURVE('',#1876,#1698,#2114,.T.);
#1586=EDGE_CURVE('',#1890,#1890,#317,.F.);
#1587=EDGE_CURVE('',#1891,#1891,#318,.T.);
#1588=EDGE_CURVE('',#1819,#1892,#2115,.T.);
#1589=EDGE_CURVE('',#1892,#1672,#319,.F.);
#1590=EDGE_CURVE('',#1671,#1893,#320,.F.);
#1591=EDGE_CURVE('',#1820,#1893,#2116,.T.);
#1592=EDGE_CURVE('',#1893,#1633,#2117,.T.);
#1593=EDGE_CURVE('',#1636,#1892,#2118,.T.);
#1594=EDGE_CURVE('',#1618,#1602,#2119,.T.);
#1595=EDGE_CURVE('',#1603,#1619,#2120,.F.);
#1596=EDGE_CURVE('',#1622,#1605,#2121,.T.);
#1597=EDGE_CURVE('',#1604,#1623,#2122,.F.);
#1598=EDGE_CURVE('',#1620,#1607,#2123,.T.);
#1599=EDGE_CURVE('',#1606,#1621,#2124,.F.);
#1600=EDGE_CURVE('',#1746,#1602,#12,.F.);
#1601=EDGE_CURVE('',#1604,#1745,#13,.T.);
#1602=VERTEX_POINT('',#4455);
#1603=VERTEX_POINT('',#4456);
#1604=VERTEX_POINT('',#4458);
#1605=VERTEX_POINT('',#4460);
#1606=VERTEX_POINT('',#4462);
#1607=VERTEX_POINT('',#4464);
#1608=VERTEX_POINT('',#4468);
#1609=VERTEX_POINT('',#4469);
#1610=VERTEX_POINT('',#4471);
#1611=VERTEX_POINT('',#4473);
#1612=VERTEX_POINT('',#4475);
#1613=VERTEX_POINT('',#4477);
#1614=VERTEX_POINT('',#4479);
#1615=VERTEX_POINT('',#4481);
#1616=VERTEX_POINT('',#4484);
#1617=VERTEX_POINT('',#4485);
#1618=VERTEX_POINT('',#4487);
#1619=VERTEX_POINT('',#4489);
#1620=VERTEX_POINT('',#4491);
#1621=VERTEX_POINT('',#4493);
#1622=VERTEX_POINT('',#4495);
#1623=VERTEX_POINT('',#4497);
#1624=VERTEX_POINT('',#4499);
#1625=VERTEX_POINT('',#4501);
#1626=VERTEX_POINT('',#4503);
#1627=VERTEX_POINT('',#4505);
#1628=VERTEX_POINT('',#4507);
#1629=VERTEX_POINT('',#4509);
#1630=VERTEX_POINT('',#4511);
#1631=VERTEX_POINT('',#4513);
#1632=VERTEX_POINT('',#4517);
#1633=VERTEX_POINT('',#4518);
#1634=VERTEX_POINT('',#4520);
#1635=VERTEX_POINT('',#4522);
#1636=VERTEX_POINT('',#4524);
#1637=VERTEX_POINT('',#4526);
#1638=VERTEX_POINT('',#4528);
#1639=VERTEX_POINT('',#4530);
#1640=VERTEX_POINT('',#4532);
#1641=VERTEX_POINT('',#4534);
#1642=VERTEX_POINT('',#4536);
#1643=VERTEX_POINT('',#4538);
#1644=VERTEX_POINT('',#4540);
#1645=VERTEX_POINT('',#4542);
#1646=VERTEX_POINT('',#4544);
#1647=VERTEX_POINT('',#4546);
#1648=VERTEX_POINT('',#4548);
#1649=VERTEX_POINT('',#4550);
#1650=VERTEX_POINT('',#4552);
#1651=VERTEX_POINT('',#4554);
#1652=VERTEX_POINT('',#4556);
#1653=VERTEX_POINT('',#4558);
#1654=VERTEX_POINT('',#4560);
#1655=VERTEX_POINT('',#4562);
#1656=VERTEX_POINT('',#4564);
#1657=VERTEX_POINT('',#4566);
#1658=VERTEX_POINT('',#4568);
#1659=VERTEX_POINT('',#4570);
#1660=VERTEX_POINT('',#4572);
#1661=VERTEX_POINT('',#4574);
#1662=VERTEX_POINT('',#4576);
#1663=VERTEX_POINT('',#4578);
#1664=VERTEX_POINT('',#4580);
#1665=VERTEX_POINT('',#4582);
#1666=VERTEX_POINT('',#4585);
#1667=VERTEX_POINT('',#4587);
#1668=VERTEX_POINT('',#4589);
#1669=VERTEX_POINT('',#4591);
#1670=VERTEX_POINT('',#4593);
#1671=VERTEX_POINT('',#4596);
#1672=VERTEX_POINT('',#4598);
#1673=VERTEX_POINT('',#4602);
#1674=VERTEX_POINT('',#4603);
#1675=VERTEX_POINT('',#4608);
#1676=VERTEX_POINT('',#4610);
#1677=VERTEX_POINT('',#4613);
#1678=VERTEX_POINT('',#4620);
#1679=VERTEX_POINT('',#4621);
#1680=VERTEX_POINT('',#4623);
#1681=VERTEX_POINT('',#4625);
#1682=VERTEX_POINT('',#4629);
#1683=VERTEX_POINT('',#4631);
#1684=VERTEX_POINT('',#4635);
#1685=VERTEX_POINT('',#4637);
#1686=VERTEX_POINT('',#4641);
#1687=VERTEX_POINT('',#4643);
#1688=VERTEX_POINT('',#4647);
#1689=VERTEX_POINT('',#4649);
#1690=VERTEX_POINT('',#4653);
#1691=VERTEX_POINT('',#4655);
#1692=VERTEX_POINT('',#4659);
#1693=VERTEX_POINT('',#4661);
#1694=VERTEX_POINT('',#4665);
#1695=VERTEX_POINT('',#4667);
#1696=VERTEX_POINT('',#4671);
#1697=VERTEX_POINT('',#4673);
#1698=VERTEX_POINT('',#4677);
#1699=VERTEX_POINT('',#4679);
#1700=VERTEX_POINT('',#4683);
#1701=VERTEX_POINT('',#4685);
#1702=VERTEX_POINT('',#4692);
#1703=VERTEX_POINT('',#4693);
#1704=VERTEX_POINT('',#4695);
#1705=VERTEX_POINT('',#4698);
#1706=VERTEX_POINT('',#4702);
#1707=VERTEX_POINT('',#4704);
#1708=VERTEX_POINT('',#4706);
#1709=VERTEX_POINT('',#4708);
#1710=VERTEX_POINT('',#4710);
#1711=VERTEX_POINT('',#4712);
#1712=VERTEX_POINT('',#4714);
#1713=VERTEX_POINT('',#4716);
#1714=VERTEX_POINT('',#4718);
#1715=VERTEX_POINT('',#4720);
#1716=VERTEX_POINT('',#4722);
#1717=VERTEX_POINT('',#4724);
#1718=VERTEX_POINT('',#4728);
#1719=VERTEX_POINT('',#4730);
#1720=VERTEX_POINT('',#4732);
#1721=VERTEX_POINT('',#4734);
#1722=VERTEX_POINT('',#4735);
#1723=VERTEX_POINT('',#4737);
#1724=VERTEX_POINT('',#4739);
#1725=VERTEX_POINT('',#4742);
#1726=VERTEX_POINT('',#4744);
#1727=VERTEX_POINT('',#4746);
#1728=VERTEX_POINT('',#4748);
#1729=VERTEX_POINT('',#4750);
#1730=VERTEX_POINT('',#4752);
#1731=VERTEX_POINT('',#4756);
#1732=VERTEX_POINT('',#4758);
#1733=VERTEX_POINT('',#4761);
#1734=VERTEX_POINT('',#4762);
#1735=VERTEX_POINT('',#4764);
#1736=VERTEX_POINT('',#4766);
#1737=VERTEX_POINT('',#4768);
#1738=VERTEX_POINT('',#4770);
#1739=VERTEX_POINT('',#4772);
#1740=VERTEX_POINT('',#4774);
#1741=VERTEX_POINT('',#4778);
#1742=VERTEX_POINT('',#4779);
#1743=VERTEX_POINT('',#4781);
#1744=VERTEX_POINT('',#4784);
#1745=VERTEX_POINT('',#4788);
#1746=VERTEX_POINT('',#4789);
#1747=VERTEX_POINT('',#4792);
#1748=VERTEX_POINT('',#4794);
#1749=VERTEX_POINT('',#4796);
#1750=VERTEX_POINT('',#4798);
#1751=VERTEX_POINT('',#4800);
#1752=VERTEX_POINT('',#4802);
#1753=VERTEX_POINT('',#4807);
#1754=VERTEX_POINT('',#4808);
#1755=VERTEX_POINT('',#4810);
#1756=VERTEX_POINT('',#4812);
#1757=VERTEX_POINT('',#4815);
#1758=VERTEX_POINT('',#4817);
#1759=VERTEX_POINT('',#4821);
#1760=VERTEX_POINT('',#4823);
#1761=VERTEX_POINT('',#4830);
#1762=VERTEX_POINT('',#4832);
#1763=VERTEX_POINT('',#4834);
#1764=VERTEX_POINT('',#4836);
#1765=VERTEX_POINT('',#4838);
#1766=VERTEX_POINT('',#4849);
#1767=VERTEX_POINT('',#4851);
#1768=VERTEX_POINT('',#4854);
#1769=VERTEX_POINT('',#4856);
#1770=VERTEX_POINT('',#4858);
#1771=VERTEX_POINT('',#4860);
#1772=VERTEX_POINT('',#4862);
#1773=VERTEX_POINT('',#4863);
#1774=VERTEX_POINT('',#4865);
#1775=VERTEX_POINT('',#4867);
#1776=VERTEX_POINT('',#4869);
#1777=VERTEX_POINT('',#4871);
#1778=VERTEX_POINT('',#4873);
#1779=VERTEX_POINT('',#4875);
#1780=VERTEX_POINT('',#4878);
#1781=VERTEX_POINT('',#4879);
#1782=VERTEX_POINT('',#4882);
#1783=VERTEX_POINT('',#4884);
#1784=VERTEX_POINT('',#4888);
#1785=VERTEX_POINT('',#4890);
#1786=VERTEX_POINT('',#4894);
#1787=VERTEX_POINT('',#4897);
#1788=VERTEX_POINT('',#4900);
#1789=VERTEX_POINT('',#4903);
#1790=VERTEX_POINT('',#4906);
#1791=VERTEX_POINT('',#4908);
#1792=VERTEX_POINT('',#4911);
#1793=VERTEX_POINT('',#4913);
#1794=VERTEX_POINT('',#4915);
#1795=VERTEX_POINT('',#4917);
#1796=VERTEX_POINT('',#4919);
#1797=VERTEX_POINT('',#4923);
#1798=VERTEX_POINT('',#4925);
#1799=VERTEX_POINT('',#4927);
#1800=VERTEX_POINT('',#4929);
#1801=VERTEX_POINT('',#4932);
#1802=VERTEX_POINT('',#4934);
#1803=VERTEX_POINT('',#4937);
#1804=VERTEX_POINT('',#4939);
#1805=VERTEX_POINT('',#4942);
#1806=VERTEX_POINT('',#4944);
#1807=VERTEX_POINT('',#4958);
#1808=VERTEX_POINT('',#4963);
#1809=VERTEX_POINT('',#4968);
#1810=VERTEX_POINT('',#4969);
#1811=VERTEX_POINT('',#5004);
#1812=VERTEX_POINT('',#5006);
#1813=VERTEX_POINT('',#5010);
#1814=VERTEX_POINT('',#5011);
#1815=VERTEX_POINT('',#5016);
#1816=VERTEX_POINT('',#5020);
#1817=VERTEX_POINT('',#5024);
#1818=VERTEX_POINT('',#5028);
#1819=VERTEX_POINT('',#5044);
#1820=VERTEX_POINT('',#5046);
#1821=VERTEX_POINT('',#5055);
#1822=VERTEX_POINT('',#5059);
#1823=VERTEX_POINT('',#5062);
#1824=VERTEX_POINT('',#5065);
#1825=VERTEX_POINT('',#5068);
#1826=VERTEX_POINT('',#5071);
#1827=VERTEX_POINT('',#5074);
#1828=VERTEX_POINT('',#5077);
#1829=VERTEX_POINT('',#5080);
#1830=VERTEX_POINT('',#5083);
#1831=VERTEX_POINT('',#5086);
#1832=VERTEX_POINT('',#5089);
#1833=VERTEX_POINT('',#5092);
#1834=VERTEX_POINT('',#5095);
#1835=VERTEX_POINT('',#5098);
#1836=VERTEX_POINT('',#5101);
#1837=VERTEX_POINT('',#5104);
#1838=VERTEX_POINT('',#5107);
#1839=VERTEX_POINT('',#5110);
#1840=VERTEX_POINT('',#5113);
#1841=VERTEX_POINT('',#5116);
#1842=VERTEX_POINT('',#5117);
#1843=VERTEX_POINT('',#5122);
#1844=VERTEX_POINT('',#5126);
#1845=VERTEX_POINT('',#5130);
#1846=VERTEX_POINT('',#5134);
#1847=VERTEX_POINT('',#5138);
#1848=VERTEX_POINT('',#5142);
#1849=VERTEX_POINT('',#5150);
#1850=VERTEX_POINT('',#5152);
#1851=VERTEX_POINT('',#5154);
#1852=VERTEX_POINT('',#5158);
#1853=VERTEX_POINT('',#5160);
#1854=VERTEX_POINT('',#5164);
#1855=VERTEX_POINT('',#5166);
#1856=VERTEX_POINT('',#5167);
#1857=VERTEX_POINT('',#5172);
#1858=VERTEX_POINT('',#5173);
#1859=VERTEX_POINT('',#5215);
#1860=VERTEX_POINT('',#5216);
#1861=VERTEX_POINT('',#5218);
#1862=VERTEX_POINT('',#5220);
#1863=VERTEX_POINT('',#5224);
#1864=VERTEX_POINT('',#5225);
#1865=VERTEX_POINT('',#5227);
#1866=VERTEX_POINT('',#5229);
#1867=VERTEX_POINT('',#5233);
#1868=VERTEX_POINT('',#5234);
#1869=VERTEX_POINT('',#5236);
#1870=VERTEX_POINT('',#5238);
#1871=VERTEX_POINT('',#5242);
#1872=VERTEX_POINT('',#5243);
#1873=VERTEX_POINT('',#5245);
#1874=VERTEX_POINT('',#5247);
#1875=VERTEX_POINT('',#5251);
#1876=VERTEX_POINT('',#5252);
#1877=VERTEX_POINT('',#5254);
#1878=VERTEX_POINT('',#5256);
#1879=VERTEX_POINT('',#5258);
#1880=VERTEX_POINT('',#5260);
#1881=VERTEX_POINT('',#5262);
#1882=VERTEX_POINT('',#5264);
#1883=VERTEX_POINT('',#5266);
#1884=VERTEX_POINT('',#5268);
#1885=VERTEX_POINT('',#5270);
#1886=VERTEX_POINT('',#5272);
#1887=VERTEX_POINT('',#5286);
#1888=VERTEX_POINT('',#5295);
#1889=VERTEX_POINT('',#5304);
#1890=VERTEX_POINT('',#5410);
#1891=VERTEX_POINT('',#5414);
#1892=VERTEX_POINT('',#5417);
#1893=VERTEX_POINT('',#5420);
#1894=LINE('',#4454,#2125);
#1895=LINE('',#4457,#2126);
#1896=LINE('',#4459,#2127);
#1897=LINE('',#4463,#2128);
#1898=LINE('',#4467,#2129);
#1899=LINE('',#4472,#2130);
#1900=LINE('',#4476,#2131);
#1901=LINE('',#4480,#2132);
#1902=LINE('',#4483,#2133);
#1903=LINE('',#4488,#2134);
#1904=LINE('',#4492,#2135);
#1905=LINE('',#4496,#2136);
#1906=LINE('',#4500,#2137);
#1907=LINE('',#4504,#2138);
#1908=LINE('',#4508,#2139);
#1909=LINE('',#4512,#2140);
#1910=LINE('',#4516,#2141);
#1911=LINE('',#4525,#2142);
#1912=LINE('',#4527,#2143);
#1913=LINE('',#4531,#2144);
#1914=LINE('',#4535,#2145);
#1915=LINE('',#4539,#2146);
#1916=LINE('',#4543,#2147);
#1917=LINE('',#4547,#2148);
#1918=LINE('',#4551,#2149);
#1919=LINE('',#4555,#2150);
#1920=LINE('',#4559,#2151);
#1921=LINE('',#4563,#2152);
#1922=LINE('',#4567,#2153);
#1923=LINE('',#4571,#2154);
#1924=LINE('',#4575,#2155);
#1925=LINE('',#4579,#2156);
#1926=LINE('',#4583,#2157);
#1927=LINE('',#4595,#2158);
#1928=LINE('',#4599,#2159);
#1929=LINE('',#4601,#2160);
#1930=LINE('',#4611,#2161);
#1931=LINE('',#4612,#2162);
#1932=LINE('',#4619,#2163);
#1933=LINE('',#4622,#2164);
#1934=LINE('',#4624,#2165);
#1935=LINE('',#4626,#2166);
#1936=LINE('',#4630,#2167);
#1937=LINE('',#4634,#2168);
#1938=LINE('',#4636,#2169);
#1939=LINE('',#4638,#2170);
#1940=LINE('',#4642,#2171);
#1941=LINE('',#4646,#2172);
#1942=LINE('',#4648,#2173);
#1943=LINE('',#4650,#2174);
#1944=LINE('',#4654,#2175);
#1945=LINE('',#4658,#2176);
#1946=LINE('',#4660,#2177);
#1947=LINE('',#4662,#2178);
#1948=LINE('',#4666,#2179);
#1949=LINE('',#4670,#2180);
#1950=LINE('',#4672,#2181);
#1951=LINE('',#4674,#2182);
#1952=LINE('',#4678,#2183);
#1953=LINE('',#4682,#2184);
#1954=LINE('',#4684,#2185);
#1955=LINE('',#4686,#2186);
#1956=LINE('',#4691,#2187);
#1957=LINE('',#4696,#2188);
#1958=LINE('',#4697,#2189);
#1959=LINE('',#4699,#2190);
#1960=LINE('',#4709,#2191);
#1961=LINE('',#4713,#2192);
#1962=LINE('',#4717,#2193);
#1963=LINE('',#4719,#2194);
#1964=LINE('',#4721,#2195);
#1965=LINE('',#4723,#2196);
#1966=LINE('',#4725,#2197);
#1967=LINE('',#4736,#2198);
#1968=LINE('',#4738,#2199);
#1969=LINE('',#4740,#2200);
#1970=LINE('',#4741,#2201);
#1971=LINE('',#4745,#2202);
#1972=LINE('',#4749,#2203);
#1973=LINE('',#4753,#2204);
#1974=LINE('',#4755,#2205);
#1975=LINE('',#4757,#2206);
#1976=LINE('',#4759,#2207);
#1977=LINE('',#4760,#2208);
#1978=LINE('',#4765,#2209);
#1979=LINE('',#4769,#2210);
#1980=LINE('',#4773,#2211);
#1981=LINE('',#4777,#2212);
#1982=LINE('',#4780,#2213);
#1983=LINE('',#4782,#2214);
#1984=LINE('',#4783,#2215);
#1985=LINE('',#4785,#2216);
#1986=LINE('',#4787,#2217);
#1987=LINE('',#4790,#2218);
#1988=LINE('',#4791,#2219);
#1989=LINE('',#4793,#2220);
#1990=LINE('',#4797,#2221);
#1991=LINE('',#4801,#2222);
#1992=LINE('',#4804,#2223);
#1993=LINE('',#4806,#2224);
#1994=LINE('',#4809,#2225);
#1995=LINE('',#4811,#2226);
#1996=LINE('',#4813,#2227);
#1997=LINE('',#4814,#2228);
#1998=LINE('',#4816,#2229);
#1999=LINE('',#4818,#2230);
#2000=LINE('',#4824,#2231);
#2001=LINE('',#4835,#2232);
#2002=LINE('',#4837,#2233);
#2003=LINE('',#4839,#2234);
#2004=LINE('',#4840,#2235);
#2005=LINE('',#4845,#2236);
#2006=LINE('',#4861,#2237);
#2007=LINE('',#4866,#2238);
#2008=LINE('',#4870,#2239);
#2009=LINE('',#4874,#2240);
#2010=LINE('',#4877,#2241);
#2011=LINE('',#4883,#2242);
#2012=LINE('',#4887,#2243);
#2013=LINE('',#4891,#2244);
#2014=LINE('',#4907,#2245);
#2015=LINE('',#4912,#2246);
#2016=LINE('',#4916,#2247);
#2017=LINE('',#4920,#2248);
#2018=LINE('',#4928,#2249);
#2019=LINE('',#4930,#2250);
#2020=LINE('',#4952,#2251);
#2021=LINE('',#4967,#2252);
#2022=LINE('',#4991,#2253);
#2023=LINE('',#4993,#2254);
#2024=LINE('',#4995,#2255);
#2025=LINE('',#4996,#2256);
#2026=LINE('',#4998,#2257);
#2027=LINE('',#5000,#2258);
#2028=LINE('',#5003,#2259);
#2029=LINE('',#5005,#2260);
#2030=LINE('',#5007,#2261);
#2031=LINE('',#5009,#2262);
#2032=LINE('',#5012,#2263);
#2033=LINE('',#5013,#2264);
#2034=LINE('',#5015,#2265);
#2035=LINE('',#5019,#2266);
#2036=LINE('',#5021,#2267);
#2037=LINE('',#5023,#2268);
#2038=LINE('',#5027,#2269);
#2039=LINE('',#5029,#2270);
#2040=LINE('',#5040,#2271);
#2041=LINE('',#5041,#2272);
#2042=LINE('',#5043,#2273);
#2043=LINE('',#5045,#2274);
#2044=LINE('',#5047,#2275);
#2045=LINE('',#5048,#2276);
#2046=LINE('',#5049,#2277);
#2047=LINE('',#5115,#2278);
#2048=LINE('',#5118,#2279);
#2049=LINE('',#5119,#2280);
#2050=LINE('',#5121,#2281);
#2051=LINE('',#5125,#2282);
#2052=LINE('',#5127,#2283);
#2053=LINE('',#5129,#2284);
#2054=LINE('',#5133,#2285);
#2055=LINE('',#5135,#2286);
#2056=LINE('',#5137,#2287);
#2057=LINE('',#5141,#2288);
#2058=LINE('',#5143,#2289);
#2059=LINE('',#5151,#2290);
#2060=LINE('',#5155,#2291);
#2061=LINE('',#5157,#2292);
#2062=LINE('',#5159,#2293);
#2063=LINE('',#5161,#2294);
#2064=LINE('',#5168,#2295);
#2065=LINE('',#5169,#2296);
#2066=LINE('',#5171,#2297);
#2067=LINE('',#5174,#2298);
#2068=LINE('',#5175,#2299);
#2069=LINE('',#5198,#2300);
#2070=LINE('',#5199,#2301);
#2071=LINE('',#5201,#2302);
#2072=LINE('',#5203,#2303);
#2073=LINE('',#5205,#2304);
#2074=LINE('',#5207,#2305);
#2075=LINE('',#5209,#2306);
#2076=LINE('',#5211,#2307);
#2077=LINE('',#5214,#2308);
#2078=LINE('',#5217,#2309);
#2079=LINE('',#5219,#2310);
#2080=LINE('',#5221,#2311);
#2081=LINE('',#5223,#2312);
#2082=LINE('',#5226,#2313);
#2083=LINE('',#5228,#2314);
#2084=LINE('',#5230,#2315);
#2085=LINE('',#5232,#2316);
#2086=LINE('',#5235,#2317);
#2087=LINE('',#5237,#2318);
#2088=LINE('',#5239,#2319);
#2089=LINE('',#5241,#2320);
#2090=LINE('',#5244,#2321);
#2091=LINE('',#5246,#2322);
#2092=LINE('',#5248,#2323);
#2093=LINE('',#5250,#2324);
#2094=LINE('',#5255,#2325);
#2095=LINE('',#5259,#2326);
#2096=LINE('',#5263,#2327);
#2097=LINE('',#5267,#2328);
#2098=LINE('',#5271,#2329);
#2099=LINE('',#5359,#2330);
#2100=LINE('',#5366,#2331);
#2101=LINE('',#5380,#2332);
#2102=LINE('',#5382,#2333);
#2103=LINE('',#5385,#2334);
#2104=LINE('',#5386,#2335);
#2105=LINE('',#5388,#2336);
#2106=LINE('',#5390,#2337);
#2107=LINE('',#5392,#2338);
#2108=LINE('',#5394,#2339);
#2109=LINE('',#5396,#2340);
#2110=LINE('',#5398,#2341);
#2111=LINE('',#5400,#2342);
#2112=LINE('',#5402,#2343);
#2113=LINE('',#5404,#2344);
#2114=LINE('',#5406,#2345);
#2115=LINE('',#5416,#2346);
#2116=LINE('',#5421,#2347);
#2117=LINE('',#5423,#2348);
#2118=LINE('',#5425,#2349);
#2119=LINE('',#5429,#2350);
#2120=LINE('',#5430,#2351);
#2121=LINE('',#5432,#2352);
#2122=LINE('',#5433,#2353);
#2123=LINE('',#5435,#2354);
#2124=LINE('',#5436,#2355);
#2125=VECTOR('',#3505,1.);
#2126=VECTOR('',#3506,1.);
#2127=VECTOR('',#3507,1.);
#2128=VECTOR('',#3510,1.);
#2129=VECTOR('',#3515,1.);
#2130=VECTOR('',#3518,1.);
#2131=VECTOR('',#3521,1.);
#2132=VECTOR('',#3524,1.);
#2133=VECTOR('',#3527,1.);
#2134=VECTOR('',#3530,1.);
#2135=VECTOR('',#3533,1.);
#2136=VECTOR('',#3536,1.);
#2137=VECTOR('',#3539,1.);
#2138=VECTOR('',#3542,1.);
#2139=VECTOR('',#3545,1.);
#2140=VECTOR('',#3548,1.);
#2141=VECTOR('',#3553,1.);
#2142=VECTOR('',#3560,1.);
#2143=VECTOR('',#3561,1.);
#2144=VECTOR('',#3564,1.);
#2145=VECTOR('',#3567,1.);
#2146=VECTOR('',#3570,1.);
#2147=VECTOR('',#3573,1.);
#2148=VECTOR('',#3576,1.);
#2149=VECTOR('',#3579,1.);
#2150=VECTOR('',#3582,1.);
#2151=VECTOR('',#3585,1.);
#2152=VECTOR('',#3588,1.);
#2153=VECTOR('',#3591,1.);
#2154=VECTOR('',#3594,1.);
#2155=VECTOR('',#3597,1.);
#2156=VECTOR('',#3600,1.);
#2157=VECTOR('',#3603,1.);
#2158=VECTOR('',#3616,1.);
#2159=VECTOR('',#3619,1.);
#2160=VECTOR('',#3622,1.);
#2161=VECTOR('',#3625,1.);
#2162=VECTOR('',#3626,1.);
#2163=VECTOR('',#3629,1.);
#2164=VECTOR('',#3630,1.);
#2165=VECTOR('',#3631,1.);
#2166=VECTOR('',#3632,1.);
#2167=VECTOR('',#3637,1.);
#2168=VECTOR('',#3642,1.);
#2169=VECTOR('',#3643,1.);
#2170=VECTOR('',#3644,1.);
#2171=VECTOR('',#3649,1.);
#2172=VECTOR('',#3654,1.);
#2173=VECTOR('',#3655,1.);
#2174=VECTOR('',#3656,1.);
#2175=VECTOR('',#3661,1.);
#2176=VECTOR('',#3666,1.);
#2177=VECTOR('',#3667,1.);
#2178=VECTOR('',#3668,1.);
#2179=VECTOR('',#3673,1.);
#2180=VECTOR('',#3678,1.);
#2181=VECTOR('',#3679,1.);
#2182=VECTOR('',#3680,1.);
#2183=VECTOR('',#3685,1.);
#2184=VECTOR('',#3690,1.);
#2185=VECTOR('',#3691,1.);
#2186=VECTOR('',#3692,1.);
#2187=VECTOR('',#3701,1.);
#2188=VECTOR('',#3704,1.);
#2189=VECTOR('',#3705,1.);
#2190=VECTOR('',#3706,1.);
#2191=VECTOR('',#3717,1.);
#2192=VECTOR('',#3720,1.);
#2193=VECTOR('',#3723,1.);
#2194=VECTOR('',#3724,1.);
#2195=VECTOR('',#3725,1.);
#2196=VECTOR('',#3726,1.);
#2197=VECTOR('',#3727,1.);
#2198=VECTOR('',#3738,1.);
#2199=VECTOR('',#3739,1.);
#2200=VECTOR('',#3740,1.);
#2201=VECTOR('',#3741,1.);
#2202=VECTOR('',#3744,1.);
#2203=VECTOR('',#3747,1.);
#2204=VECTOR('',#3750,1.);
#2205=VECTOR('',#3753,1.);
#2206=VECTOR('',#3754,1.);
#2207=VECTOR('',#3755,1.);
#2208=VECTOR('',#3756,1.);
#2209=VECTOR('',#3759,1.);
#2210=VECTOR('',#3762,1.);
#2211=VECTOR('',#3765,1.);
#2212=VECTOR('',#3770,1.);
#2213=VECTOR('',#3771,1.);
#2214=VECTOR('',#3772,1.);
#2215=VECTOR('',#3773,1.);
#2216=VECTOR('',#3774,1.);
#2217=VECTOR('',#3777,1.);
#2218=VECTOR('',#3778,1.);
#2219=VECTOR('',#3779,1.);
#2220=VECTOR('',#3780,1.);
#2221=VECTOR('',#3783,1.);
#2222=VECTOR('',#3786,1.);
#2223=VECTOR('',#3789,1.);
#2224=VECTOR('',#3792,1.);
#2225=VECTOR('',#3793,1.);
#2226=VECTOR('',#3794,1.);
#2227=VECTOR('',#3795,1.);
#2228=VECTOR('',#3796,1.);
#2229=VECTOR('',#3797,1.);
#2230=VECTOR('',#3798,1.);
#2231=VECTOR('',#3805,1.);
#2232=VECTOR('',#3820,1.);
#2233=VECTOR('',#3821,1.);
#2234=VECTOR('',#3822,1.);
#2235=VECTOR('',#3823,1.);
#2236=VECTOR('',#3832,1.);
#2237=VECTOR('',#3851,1.);
#2238=VECTOR('',#3854,1.);
#2239=VECTOR('',#3857,1.);
#2240=VECTOR('',#3860,1.);
#2241=VECTOR('',#3863,1.);
#2242=VECTOR('',#3868,1.);
#2243=VECTOR('',#3873,1.);
#2244=VECTOR('',#3876,1.);
#2245=VECTOR('',#3897,1.);
#2246=VECTOR('',#3902,1.);
#2247=VECTOR('',#3905,1.);
#2248=VECTOR('',#3908,1.);
#2249=VECTOR('',#3917,1.);
#2250=VECTOR('',#3918,1.);
#2251=VECTOR('',#3949,1.);
#2252=VECTOR('',#3958,1.);
#2253=VECTOR('',#3985,1.);
#2254=VECTOR('',#3988,1.);
#2255=VECTOR('',#3991,1.);
#2256=VECTOR('',#3992,1.);
#2257=VECTOR('',#3995,1.);
#2258=VECTOR('',#3998,1.);
#2259=VECTOR('',#4003,1.);
#2260=VECTOR('',#4004,1.);
#2261=VECTOR('',#4005,1.);
#2262=VECTOR('',#4008,1.);
#2263=VECTOR('',#4009,1.);
#2264=VECTOR('',#4010,1.);
#2265=VECTOR('',#4013,1.);
#2266=VECTOR('',#4018,1.);
#2267=VECTOR('',#4019,1.);
#2268=VECTOR('',#4022,1.);
#2269=VECTOR('',#4027,1.);
#2270=VECTOR('',#4028,1.);
#2271=VECTOR('',#4049,1.);
#2272=VECTOR('',#4050,1.);
#2273=VECTOR('',#4053,1.);
#2274=VECTOR('',#4054,1.);
#2275=VECTOR('',#4055,1.);
#2276=VECTOR('',#4056,1.);
#2277=VECTOR('',#4057,1.);
#2278=VECTOR('',#4148,1.);
#2279=VECTOR('',#4149,1.);
#2280=VECTOR('',#4150,1.);
#2281=VECTOR('',#4153,1.);
#2282=VECTOR('',#4158,1.);
#2283=VECTOR('',#4159,1.);
#2284=VECTOR('',#4162,1.);
#2285=VECTOR('',#4167,1.);
#2286=VECTOR('',#4168,1.);
#2287=VECTOR('',#4171,1.);
#2288=VECTOR('',#4176,1.);
#2289=VECTOR('',#4177,1.);
#2290=VECTOR('',#4190,1.);
#2291=VECTOR('',#4193,1.);
#2292=VECTOR('',#4196,1.);
#2293=VECTOR('',#4197,1.);
#2294=VECTOR('',#4198,1.);
#2295=VECTOR('',#4205,1.);
#2296=VECTOR('',#4206,1.);
#2297=VECTOR('',#4209,1.);
#2298=VECTOR('',#4210,1.);
#2299=VECTOR('',#4211,1.);
#2300=VECTOR('',#4256,1.);
#2301=VECTOR('',#4257,1.);
#2302=VECTOR('',#4260,1.);
#2303=VECTOR('',#4263,1.);
#2304=VECTOR('',#4266,1.);
#2305=VECTOR('',#4269,1.);
#2306=VECTOR('',#4272,1.);
#2307=VECTOR('',#4275,1.);
#2308=VECTOR('',#4280,1.);
#2309=VECTOR('',#4281,1.);
#2310=VECTOR('',#4282,1.);
#2311=VECTOR('',#4283,1.);
#2312=VECTOR('',#4286,1.);
#2313=VECTOR('',#4287,1.);
#2314=VECTOR('',#4288,1.);
#2315=VECTOR('',#4289,1.);
#2316=VECTOR('',#4292,1.);
#2317=VECTOR('',#4293,1.);
#2318=VECTOR('',#4294,1.);
#2319=VECTOR('',#4295,1.);
#2320=VECTOR('',#4298,1.);
#2321=VECTOR('',#4299,1.);
#2322=VECTOR('',#4300,1.);
#2323=VECTOR('',#4301,1.);
#2324=VECTOR('',#4304,1.);
#2325=VECTOR('',#4307,1.);
#2326=VECTOR('',#4310,1.);
#2327=VECTOR('',#4313,1.);
#2328=VECTOR('',#4316,1.);
#2329=VECTOR('',#4319,1.);
#2330=VECTOR('',#4348,1.);
#2331=VECTOR('',#4353,1.);
#2332=VECTOR('',#4356,1.);
#2333=VECTOR('',#4359,1.);
#2334=VECTOR('',#4364,1.);
#2335=VECTOR('',#4365,1.);
#2336=VECTOR('',#4368,1.);
#2337=VECTOR('',#4371,1.);
#2338=VECTOR('',#4374,1.);
#2339=VECTOR('',#4377,1.);
#2340=VECTOR('',#4380,1.);
#2341=VECTOR('',#4383,1.);
#2342=VECTOR('',#4386,1.);
#2343=VECTOR('',#4389,1.);
#2344=VECTOR('',#4392,1.);
#2345=VECTOR('',#4395,1.);
#2346=VECTOR('',#4410,1.);
#2347=VECTOR('',#4415,1.);
#2348=VECTOR('',#4418,1.);
#2349=VECTOR('',#4421,1.);
#2350=VECTOR('',#4428,1.);
#2351=VECTOR('',#4429,1.);
#2352=VECTOR('',#4432,1.);
#2353=VECTOR('',#4433,1.);
#2354=VECTOR('',#4436,1.);
#2355=VECTOR('',#4437,1.);
#2356=EDGE_LOOP('',(#321,#322,#323,#324,#325,#326));
#2357=EDGE_LOOP('',(#327,#328,#329,#330,#331,#332,#333,#334));
#2358=EDGE_LOOP('',(#335,#336,#337,#338,#339,#340,#341,#342,#343,#344,#345,
#346,#347,#348,#349,#350));
#2359=EDGE_LOOP('',(#351,#352,#353,#354,#355,#356,#357,#358,#359,#360,#361,
#362,#363,#364,#365,#366,#367,#368,#369,#370,#371,#372,#373,#374,#375,#376,
#377,#378,#379,#380,#381,#382,#383,#384));
#2360=EDGE_LOOP('',(#385));
#2361=EDGE_LOOP('',(#386));
#2362=EDGE_LOOP('',(#387));
#2363=EDGE_LOOP('',(#388));
#2364=EDGE_LOOP('',(#389));
#2365=EDGE_LOOP('',(#390,#391,#392,#393));
#2366=EDGE_LOOP('',(#394,#395,#396,#397,#398,#399,#400));
#2367=EDGE_LOOP('',(#401,#402,#403,#404));
#2368=EDGE_LOOP('',(#405,#406,#407,#408));
#2369=EDGE_LOOP('',(#409,#410,#411,#412));
#2370=EDGE_LOOP('',(#413,#414,#415,#416));
#2371=EDGE_LOOP('',(#417,#418,#419,#420));
#2372=EDGE_LOOP('',(#421,#422,#423,#424));
#2373=EDGE_LOOP('',(#425,#426,#427,#428));
#2374=EDGE_LOOP('',(#429,#430,#431,#432));
#2375=EDGE_LOOP('',(#433,#434,#435,#436));
#2376=EDGE_LOOP('',(#437,#438,#439,#440));
#2377=EDGE_LOOP('',(#441,#442,#443,#444));
#2378=EDGE_LOOP('',(#445,#446,#447,#448));
#2379=EDGE_LOOP('',(#449,#450,#451,#452,#453));
#2380=EDGE_LOOP('',(#454));
#2381=EDGE_LOOP('',(#455));
#2382=EDGE_LOOP('',(#456));
#2383=EDGE_LOOP('',(#457,#458,#459,#460,#461,#462,#463,#464,#465,#466,#467));
#2384=EDGE_LOOP('',(#468));
#2385=EDGE_LOOP('',(#469));
#2386=EDGE_LOOP('',(#470));
#2387=EDGE_LOOP('',(#471,#472,#473,#474,#475,#476,#477,#478,#479,#480,#481,
#482));
#2388=EDGE_LOOP('',(#483,#484,#485,#486));
#2389=EDGE_LOOP('',(#487,#488,#489,#490,#491,#492,#493,#494));
#2390=EDGE_LOOP('',(#495,#496,#497,#498,#499,#500));
#2391=EDGE_LOOP('',(#501,#502,#503,#504,#505,#506,#507,#508,#509,#510,#511,
#512));
#2392=EDGE_LOOP('',(#513,#514,#515,#516,#517,#518,#519,#520,#521,#522,#523,
#524,#525));
#2393=EDGE_LOOP('',(#526,#527,#528,#529,#530,#531,#532,#533));
#2394=EDGE_LOOP('',(#534,#535,#536,#537));
#2395=EDGE_LOOP('',(#538,#539,#540,#541));
#2396=EDGE_LOOP('',(#542));
#2397=EDGE_LOOP('',(#543));
#2398=EDGE_LOOP('',(#544));
#2399=EDGE_LOOP('',(#545,#546,#547,#548,#549,#550));
#2400=EDGE_LOOP('',(#551,#552,#553,#554));
#2401=EDGE_LOOP('',(#555,#556,#557,#558,#559,#560));
#2402=EDGE_LOOP('',(#561));
#2403=EDGE_LOOP('',(#562));
#2404=EDGE_LOOP('',(#563));
#2405=EDGE_LOOP('',(#564));
#2406=EDGE_LOOP('',(#565));
#2407=EDGE_LOOP('',(#566));
#2408=EDGE_LOOP('',(#567,#568,#569,#570,#571,#572,#573,#574));
#2409=EDGE_LOOP('',(#575,#576,#577,#578,#579,#580,#581,#582));
#2410=EDGE_LOOP('',(#583,#584,#585,#586));
#2411=EDGE_LOOP('',(#587));
#2412=EDGE_LOOP('',(#588));
#2413=EDGE_LOOP('',(#589));
#2414=EDGE_LOOP('',(#590));
#2415=EDGE_LOOP('',(#591));
#2416=EDGE_LOOP('',(#592));
#2417=EDGE_LOOP('',(#593));
#2418=EDGE_LOOP('',(#594));
#2419=EDGE_LOOP('',(#595));
#2420=EDGE_LOOP('',(#596,#597,#598,#599,#600,#601,#602,#603,#604,#605,#606,
#607));
#2421=EDGE_LOOP('',(#608));
#2422=EDGE_LOOP('',(#609));
#2423=EDGE_LOOP('',(#610));
#2424=EDGE_LOOP('',(#611,#612,#613,#614));
#2425=EDGE_LOOP('',(#615));
#2426=EDGE_LOOP('',(#616));
#2427=EDGE_LOOP('',(#617));
#2428=EDGE_LOOP('',(#618));
#2429=EDGE_LOOP('',(#619));
#2430=EDGE_LOOP('',(#620));
#2431=EDGE_LOOP('',(#621));
#2432=EDGE_LOOP('',(#622));
#2433=EDGE_LOOP('',(#623));
#2434=EDGE_LOOP('',(#624,#625,#626,#627));
#2435=EDGE_LOOP('',(#628,#629,#630,#631));
#2436=EDGE_LOOP('',(#632,#633,#634,#635,#636,#637));
#2437=EDGE_LOOP('',(#638,#639,#640,#641,#642,#643));
#2438=EDGE_LOOP('',(#644,#645,#646,#647,#648,#649,#650));
#2439=EDGE_LOOP('',(#651,#652,#653,#654));
#2440=EDGE_LOOP('',(#655,#656,#657,#658));
#2441=EDGE_LOOP('',(#659,#660,#661,#662));
#2442=EDGE_LOOP('',(#663,#664,#665,#666));
#2443=EDGE_LOOP('',(#667,#668,#669,#670));
#2444=EDGE_LOOP('',(#671,#672,#673,#674));
#2445=EDGE_LOOP('',(#675,#676,#677,#678));
#2446=EDGE_LOOP('',(#679,#680,#681,#682));
#2447=EDGE_LOOP('',(#683,#684,#685,#686));
#2448=EDGE_LOOP('',(#687,#688,#689,#690));
#2449=EDGE_LOOP('',(#691,#692,#693,#694));
#2450=EDGE_LOOP('',(#695,#696,#697,#698));
#2451=EDGE_LOOP('',(#699,#700,#701,#702));
#2452=EDGE_LOOP('',(#703,#704,#705,#706));
#2453=EDGE_LOOP('',(#707,#708,#709,#710));
#2454=EDGE_LOOP('',(#711,#712,#713,#714));
#2455=EDGE_LOOP('',(#715,#716,#717,#718));
#2456=EDGE_LOOP('',(#719,#720,#721,#722));
#2457=EDGE_LOOP('',(#723,#724,#725,#726));
#2458=EDGE_LOOP('',(#727,#728,#729,#730,#731,#732,#733,#734,#735,#736,#737,
#738));
#2459=EDGE_LOOP('',(#739,#740,#741,#742));
#2460=EDGE_LOOP('',(#743,#744,#745,#746));
#2461=EDGE_LOOP('',(#747,#748,#749,#750));
#2462=EDGE_LOOP('',(#751,#752,#753,#754));
#2463=EDGE_LOOP('',(#755,#756,#757,#758));
#2464=EDGE_LOOP('',(#759,#760,#761,#762,#763,#764,#765,#766));
#2465=EDGE_LOOP('',(#767,#768,#769,#770));
#2466=EDGE_LOOP('',(#771,#772,#773,#774));
#2467=EDGE_LOOP('',(#775,#776,#777,#778));
#2468=EDGE_LOOP('',(#779));
#2469=EDGE_LOOP('',(#780));
#2470=EDGE_LOOP('',(#781));
#2471=EDGE_LOOP('',(#782));
#2472=EDGE_LOOP('',(#783));
#2473=EDGE_LOOP('',(#784));
#2474=EDGE_LOOP('',(#785));
#2475=EDGE_LOOP('',(#786));
#2476=EDGE_LOOP('',(#787));
#2477=EDGE_LOOP('',(#788));
#2478=EDGE_LOOP('',(#789));
#2479=EDGE_LOOP('',(#790));
#2480=EDGE_LOOP('',(#791));
#2481=EDGE_LOOP('',(#792));
#2482=EDGE_LOOP('',(#793));
#2483=EDGE_LOOP('',(#794));
#2484=EDGE_LOOP('',(#795));
#2485=EDGE_LOOP('',(#796));
#2486=EDGE_LOOP('',(#797));
#2487=EDGE_LOOP('',(#798));
#2488=EDGE_LOOP('',(#799));
#2489=EDGE_LOOP('',(#800));
#2490=EDGE_LOOP('',(#801));
#2491=EDGE_LOOP('',(#802));
#2492=EDGE_LOOP('',(#803));
#2493=EDGE_LOOP('',(#804));
#2494=EDGE_LOOP('',(#805));
#2495=EDGE_LOOP('',(#806));
#2496=EDGE_LOOP('',(#807));
#2497=EDGE_LOOP('',(#808));
#2498=EDGE_LOOP('',(#809));
#2499=EDGE_LOOP('',(#810));
#2500=EDGE_LOOP('',(#811));
#2501=EDGE_LOOP('',(#812));
#2502=EDGE_LOOP('',(#813));
#2503=EDGE_LOOP('',(#814));
#2504=EDGE_LOOP('',(#815));
#2505=EDGE_LOOP('',(#816));
#2506=EDGE_LOOP('',(#817));
#2507=EDGE_LOOP('',(#818));
#2508=EDGE_LOOP('',(#819));
#2509=EDGE_LOOP('',(#820));
#2510=EDGE_LOOP('',(#821,#822,#823,#824));
#2511=EDGE_LOOP('',(#825,#826,#827,#828));
#2512=EDGE_LOOP('',(#829,#830,#831,#832));
#2513=EDGE_LOOP('',(#833,#834,#835,#836));
#2514=EDGE_LOOP('',(#837,#838,#839,#840));
#2515=EDGE_LOOP('',(#841,#842,#843,#844));
#2516=EDGE_LOOP('',(#845,#846,#847,#848));
#2517=EDGE_LOOP('',(#849,#850,#851,#852));
#2518=EDGE_LOOP('',(#853,#854,#855,#856,#857,#858,#859,#860));
#2519=EDGE_LOOP('',(#861,#862,#863,#864,#865,#866,#867,#868));
#2520=EDGE_LOOP('',(#869));
#2521=EDGE_LOOP('',(#870));
#2522=EDGE_LOOP('',(#871));
#2523=EDGE_LOOP('',(#872,#873,#874,#875));
#2524=EDGE_LOOP('',(#876,#877,#878,#879));
#2525=EDGE_LOOP('',(#880));
#2526=EDGE_LOOP('',(#881,#882,#883,#884));
#2527=EDGE_LOOP('',(#885,#886,#887,#888));
#2528=EDGE_LOOP('',(#889));
#2529=EDGE_LOOP('',(#890));
#2530=EDGE_LOOP('',(#891,#892,#893,#894));
#2531=EDGE_LOOP('',(#895));
#2532=EDGE_LOOP('',(#896));
#2533=EDGE_LOOP('',(#897));
#2534=EDGE_LOOP('',(#898));
#2535=EDGE_LOOP('',(#899));
#2536=EDGE_LOOP('',(#900));
#2537=EDGE_LOOP('',(#901));
#2538=EDGE_LOOP('',(#902));
#2539=EDGE_LOOP('',(#903));
#2540=EDGE_LOOP('',(#904));
#2541=EDGE_LOOP('',(#905));
#2542=EDGE_LOOP('',(#906));
#2543=EDGE_LOOP('',(#907,#908,#909,#910));
#2544=EDGE_LOOP('',(#911,#912,#913,#914));
#2545=EDGE_LOOP('',(#915,#916,#917,#918));
#2546=EDGE_LOOP('',(#919,#920,#921,#922));
#2547=EDGE_LOOP('',(#923,#924,#925,#926));
#2548=EDGE_LOOP('',(#927,#928,#929,#930));
#2549=EDGE_LOOP('',(#931));
#2550=EDGE_LOOP('',(#932));
#2551=EDGE_LOOP('',(#933,#934,#935,#936));
#2552=EDGE_LOOP('',(#937,#938,#939,#940));
#2553=EDGE_LOOP('',(#941,#942,#943,#944));
#2554=EDGE_LOOP('',(#945,#946,#947,#948));
#2555=EDGE_LOOP('',(#949,#950,#951,#952));
#2556=EDGE_LOOP('',(#953,#954,#955,#956));
#2557=EDGE_LOOP('',(#957,#958,#959,#960));
#2558=EDGE_LOOP('',(#961,#962,#963,#964));
#2559=EDGE_LOOP('',(#965,#966,#967,#968));
#2560=EDGE_LOOP('',(#969,#970,#971,#972));
#2561=EDGE_LOOP('',(#973,#974,#975,#976));
#2562=EDGE_LOOP('',(#977,#978,#979,#980));
#2563=EDGE_LOOP('',(#981,#982,#983,#984,#985,#986,#987,#988,#989,#990,#991,
#992));
#2564=EDGE_LOOP('',(#993,#994,#995,#996,#997,#998,#999,#1000));
#2565=EDGE_LOOP('',(#1001,#1002,#1003,#1004,#1005));
#2566=EDGE_LOOP('',(#1006,#1007,#1008,#1009,#1010));
#2567=EDGE_LOOP('',(#1011,#1012,#1013,#1014,#1015));
#2568=EDGE_LOOP('',(#1016,#1017,#1018,#1019));
#2569=EDGE_LOOP('',(#1020,#1021,#1022,#1023));
#2570=EDGE_LOOP('',(#1024,#1025,#1026,#1027,#1028));
#2571=EDGE_LOOP('',(#1029,#1030,#1031,#1032));
#2572=EDGE_LOOP('',(#1033,#1034,#1035,#1036,#1037));
#2573=EDGE_LOOP('',(#1038,#1039,#1040,#1041));
#2574=EDGE_LOOP('',(#1042,#1043,#1044,#1045));
#2575=EDGE_LOOP('',(#1046,#1047,#1048,#1049));
#2576=EDGE_LOOP('',(#1050,#1051,#1052,#1053));
#2577=EDGE_LOOP('',(#1054,#1055,#1056,#1057));
#2578=EDGE_LOOP('',(#1058,#1059,#1060,#1061));
#2579=EDGE_LOOP('',(#1062,#1063,#1064,#1065));
#2580=EDGE_LOOP('',(#1066,#1067,#1068,#1069));
#2581=EDGE_LOOP('',(#1070,#1071,#1072,#1073));
#2582=EDGE_LOOP('',(#1074,#1075,#1076,#1077));
#2583=EDGE_LOOP('',(#1078,#1079,#1080,#1081));
#2584=EDGE_LOOP('',(#1082,#1083,#1084,#1085));
#2585=EDGE_LOOP('',(#1086,#1087,#1088,#1089));
#2586=EDGE_LOOP('',(#1090,#1091,#1092,#1093));
#2587=EDGE_LOOP('',(#1094,#1095,#1096,#1097));
#2588=EDGE_LOOP('',(#1098,#1099,#1100,#1101));
#2589=EDGE_LOOP('',(#1102,#1103,#1104,#1105));
#2590=EDGE_LOOP('',(#1106,#1107,#1108,#1109));
#2591=EDGE_LOOP('',(#1110,#1111,#1112,#1113));
#2592=EDGE_LOOP('',(#1114));
#2593=EDGE_LOOP('',(#1115));
#2594=EDGE_LOOP('',(#1116));
#2595=EDGE_LOOP('',(#1117));
#2596=EDGE_LOOP('',(#1118));
#2597=EDGE_LOOP('',(#1119));
#2598=EDGE_LOOP('',(#1120));
#2599=EDGE_LOOP('',(#1121,#1122,#1123,#1124,#1125,#1126));
#2600=EDGE_LOOP('',(#1127,#1128,#1129,#1130));
#2601=EDGE_LOOP('',(#1131,#1132,#1133,#1134));
#2602=EDGE_LOOP('',(#1135,#1136,#1137,#1138));
#2603=EDGE_LOOP('',(#1139,#1140,#1141,#1142));
#2604=EDGE_LOOP('',(#1143,#1144,#1145,#1146));
#2605=EDGE_LOOP('',(#1147,#1148,#1149,#1150));
#2606=EDGE_LOOP('',(#1151,#1152,#1153,#1154));
#2607=EDGE_LOOP('',(#1155,#1156,#1157,#1158));
#2608=EDGE_LOOP('',(#1159,#1160,#1161,#1162));
#2609=EDGE_LOOP('',(#1163,#1164,#1165,#1166));
#2610=EDGE_LOOP('',(#1167,#1168,#1169,#1170));
#2611=EDGE_LOOP('',(#1171,#1172,#1173,#1174));
#2612=FACE_BOUND('',#2356,.T.);
#2613=FACE_BOUND('',#2357,.T.);
#2614=FACE_BOUND('',#2358,.T.);
#2615=FACE_BOUND('',#2359,.T.);
#2616=FACE_BOUND('',#2360,.T.);
#2617=FACE_BOUND('',#2361,.T.);
#2618=FACE_BOUND('',#2362,.T.);
#2619=FACE_BOUND('',#2363,.T.);
#2620=FACE_BOUND('',#2364,.T.);
#2621=FACE_BOUND('',#2365,.T.);
#2622=FACE_BOUND('',#2366,.T.);
#2623=FACE_BOUND('',#2367,.T.);
#2624=FACE_BOUND('',#2368,.T.);
#2625=FACE_BOUND('',#2369,.T.);
#2626=FACE_BOUND('',#2370,.T.);
#2627=FACE_BOUND('',#2371,.T.);
#2628=FACE_BOUND('',#2372,.T.);
#2629=FACE_BOUND('',#2373,.T.);
#2630=FACE_BOUND('',#2374,.T.);
#2631=FACE_BOUND('',#2375,.T.);
#2632=FACE_BOUND('',#2376,.T.);
#2633=FACE_BOUND('',#2377,.T.);
#2634=FACE_BOUND('',#2378,.T.);
#2635=FACE_BOUND('',#2379,.T.);
#2636=FACE_BOUND('',#2380,.T.);
#2637=FACE_BOUND('',#2381,.T.);
#2638=FACE_BOUND('',#2382,.T.);
#2639=FACE_BOUND('',#2383,.T.);
#2640=FACE_BOUND('',#2384,.T.);
#2641=FACE_BOUND('',#2385,.T.);
#2642=FACE_BOUND('',#2386,.T.);
#2643=FACE_BOUND('',#2387,.T.);
#2644=FACE_BOUND('',#2388,.T.);
#2645=FACE_BOUND('',#2389,.T.);
#2646=FACE_BOUND('',#2390,.T.);
#2647=FACE_BOUND('',#2391,.T.);
#2648=FACE_BOUND('',#2392,.T.);
#2649=FACE_BOUND('',#2393,.T.);
#2650=FACE_BOUND('',#2394,.T.);
#2651=FACE_BOUND('',#2395,.T.);
#2652=FACE_BOUND('',#2396,.T.);
#2653=FACE_BOUND('',#2397,.T.);
#2654=FACE_BOUND('',#2398,.T.);
#2655=FACE_BOUND('',#2399,.T.);
#2656=FACE_BOUND('',#2400,.T.);
#2657=FACE_BOUND('',#2401,.T.);
#2658=FACE_BOUND('',#2402,.T.);
#2659=FACE_BOUND('',#2403,.T.);
#2660=FACE_BOUND('',#2404,.T.);
#2661=FACE_BOUND('',#2405,.T.);
#2662=FACE_BOUND('',#2406,.T.);
#2663=FACE_BOUND('',#2407,.T.);
#2664=FACE_BOUND('',#2408,.T.);
#2665=FACE_BOUND('',#2409,.T.);
#2666=FACE_BOUND('',#2410,.T.);
#2667=FACE_BOUND('',#2411,.T.);
#2668=FACE_BOUND('',#2412,.T.);
#2669=FACE_BOUND('',#2413,.T.);
#2670=FACE_BOUND('',#2414,.T.);
#2671=FACE_BOUND('',#2415,.T.);
#2672=FACE_BOUND('',#2416,.T.);
#2673=FACE_BOUND('',#2417,.T.);
#2674=FACE_BOUND('',#2418,.T.);
#2675=FACE_BOUND('',#2419,.T.);
#2676=FACE_BOUND('',#2420,.T.);
#2677=FACE_BOUND('',#2421,.T.);
#2678=FACE_BOUND('',#2422,.T.);
#2679=FACE_BOUND('',#2423,.T.);
#2680=FACE_BOUND('',#2424,.T.);
#2681=FACE_BOUND('',#24,.T.);
#2682=FACE_BOUND('',#2425,.T.);
#2683=FACE_BOUND('',#2426,.T.);
#2684=FACE_BOUND('',#2427,.T.);
#2685=FACE_BOUND('',#25,.T.);
#2686=FACE_BOUND('',#2428,.T.);
#2687=FACE_BOUND('',#2429,.T.);
#2688=FACE_BOUND('',#2430,.T.);
#2689=FACE_BOUND('',#26,.T.);
#2690=FACE_BOUND('',#2431,.T.);
#2691=FACE_BOUND('',#2432,.T.);
#2692=FACE_BOUND('',#2433,.T.);
#2693=FACE_BOUND('',#2434,.T.);
#2694=FACE_BOUND('',#2435,.T.);
#2695=FACE_BOUND('',#2436,.T.);
#2696=FACE_BOUND('',#2437,.T.);
#2697=FACE_BOUND('',#2438,.T.);
#2698=FACE_BOUND('',#2439,.T.);
#2699=FACE_BOUND('',#2440,.T.);
#2700=FACE_BOUND('',#2441,.T.);
#2701=FACE_BOUND('',#2442,.T.);
#2702=FACE_BOUND('',#2443,.T.);
#2703=FACE_BOUND('',#2444,.T.);
#2704=FACE_BOUND('',#2445,.T.);
#2705=FACE_BOUND('',#2446,.T.);
#2706=FACE_BOUND('',#2447,.T.);
#2707=FACE_BOUND('',#2448,.T.);
#2708=FACE_BOUND('',#2449,.T.);
#2709=FACE_BOUND('',#2450,.T.);
#2710=FACE_BOUND('',#2451,.T.);
#2711=FACE_BOUND('',#2452,.T.);
#2712=FACE_BOUND('',#2453,.T.);
#2713=FACE_BOUND('',#2454,.T.);
#2714=FACE_BOUND('',#2455,.T.);
#2715=FACE_BOUND('',#2456,.T.);
#2716=FACE_BOUND('',#2457,.T.);
#2717=FACE_BOUND('',#2458,.T.);
#2718=FACE_BOUND('',#2459,.T.);
#2719=FACE_BOUND('',#2460,.T.);
#2720=FACE_BOUND('',#2461,.T.);
#2721=FACE_BOUND('',#2462,.T.);
#2722=FACE_BOUND('',#2463,.T.);
#2723=FACE_BOUND('',#2464,.T.);
#2724=FACE_BOUND('',#2465,.T.);
#2725=FACE_BOUND('',#2466,.T.);
#2726=FACE_BOUND('',#2467,.T.);
#2727=FACE_BOUND('',#2468,.T.);
#2728=FACE_BOUND('',#2469,.T.);
#2729=FACE_BOUND('',#2470,.T.);
#2730=FACE_BOUND('',#2471,.T.);
#2731=FACE_BOUND('',#2472,.T.);
#2732=FACE_BOUND('',#2473,.T.);
#2733=FACE_BOUND('',#2474,.T.);
#2734=FACE_BOUND('',#2475,.T.);
#2735=FACE_BOUND('',#2476,.T.);
#2736=FACE_BOUND('',#2477,.T.);
#2737=FACE_BOUND('',#2478,.T.);
#2738=FACE_BOUND('',#2479,.T.);
#2739=FACE_BOUND('',#2480,.T.);
#2740=FACE_BOUND('',#2481,.T.);
#2741=FACE_BOUND('',#2482,.T.);
#2742=FACE_BOUND('',#2483,.T.);
#2743=FACE_BOUND('',#2484,.T.);
#2744=FACE_BOUND('',#2485,.T.);
#2745=FACE_BOUND('',#2486,.T.);
#2746=FACE_BOUND('',#2487,.T.);
#2747=FACE_BOUND('',#2488,.T.);
#2748=FACE_BOUND('',#2489,.T.);
#2749=FACE_BOUND('',#2490,.T.);
#2750=FACE_BOUND('',#2491,.T.);
#2751=FACE_BOUND('',#2492,.T.);
#2752=FACE_BOUND('',#2493,.T.);
#2753=FACE_BOUND('',#2494,.T.);
#2754=FACE_BOUND('',#2495,.T.);
#2755=FACE_BOUND('',#2496,.T.);
#2756=FACE_BOUND('',#2497,.T.);
#2757=FACE_BOUND('',#2498,.T.);
#2758=FACE_BOUND('',#2499,.T.);
#2759=FACE_BOUND('',#2500,.T.);
#2760=FACE_BOUND('',#2501,.T.);
#2761=FACE_BOUND('',#2502,.T.);
#2762=FACE_BOUND('',#2503,.T.);
#2763=FACE_BOUND('',#2504,.T.);
#2764=FACE_BOUND('',#2505,.T.);
#2765=FACE_BOUND('',#2506,.T.);
#2766=FACE_BOUND('',#2507,.T.);
#2767=FACE_BOUND('',#2508,.T.);
#2768=FACE_BOUND('',#2509,.T.);
#2769=FACE_BOUND('',#2510,.T.);
#2770=FACE_BOUND('',#2511,.T.);
#2771=FACE_BOUND('',#2512,.T.);
#2772=FACE_BOUND('',#2513,.T.);
#2773=FACE_BOUND('',#2514,.T.);
#2774=FACE_BOUND('',#2515,.T.);
#2775=FACE_BOUND('',#2516,.T.);
#2776=FACE_BOUND('',#2517,.T.);
#2777=FACE_BOUND('',#2518,.T.);
#2778=FACE_BOUND('',#2519,.T.);
#2779=FACE_BOUND('',#2520,.T.);
#2780=FACE_BOUND('',#2521,.T.);
#2781=FACE_BOUND('',#2522,.T.);
#2782=FACE_BOUND('',#2523,.T.);
#2783=FACE_BOUND('',#2524,.T.);
#2784=FACE_BOUND('',#2525,.T.);
#2785=FACE_BOUND('',#2526,.T.);
#2786=FACE_BOUND('',#2527,.T.);
#2787=FACE_BOUND('',#2528,.T.);
#2788=FACE_BOUND('',#2529,.T.);
#2789=FACE_BOUND('',#2530,.T.);
#2790=FACE_BOUND('',#2531,.T.);
#2791=FACE_BOUND('',#2532,.T.);
#2792=FACE_BOUND('',#2533,.T.);
#2793=FACE_BOUND('',#2534,.T.);
#2794=FACE_BOUND('',#2535,.T.);
#2795=FACE_BOUND('',#2536,.T.);
#2796=FACE_BOUND('',#2537,.T.);
#2797=FACE_BOUND('',#2538,.T.);
#2798=FACE_BOUND('',#2539,.T.);
#2799=FACE_BOUND('',#2540,.T.);
#2800=FACE_BOUND('',#2541,.T.);
#2801=FACE_BOUND('',#2542,.T.);
#2802=FACE_BOUND('',#2543,.T.);
#2803=FACE_BOUND('',#2544,.T.);
#2804=FACE_BOUND('',#2545,.T.);
#2805=FACE_BOUND('',#2546,.T.);
#2806=FACE_BOUND('',#2547,.T.);
#2807=FACE_BOUND('',#2548,.T.);
#2808=FACE_BOUND('',#2549,.T.);
#2809=FACE_BOUND('',#2550,.T.);
#2810=FACE_BOUND('',#2551,.T.);
#2811=FACE_BOUND('',#2552,.T.);
#2812=FACE_BOUND('',#2553,.T.);
#2813=FACE_BOUND('',#2554,.T.);
#2814=FACE_BOUND('',#2555,.T.);
#2815=FACE_BOUND('',#2556,.T.);
#2816=FACE_BOUND('',#2557,.T.);
#2817=FACE_BOUND('',#2558,.T.);
#2818=FACE_BOUND('',#2559,.T.);
#2819=FACE_BOUND('',#2560,.T.);
#2820=FACE_BOUND('',#2561,.T.);
#2821=FACE_BOUND('',#2562,.T.);
#2822=FACE_BOUND('',#2563,.T.);
#2823=FACE_BOUND('',#2564,.T.);
#2824=FACE_BOUND('',#2565,.T.);
#2825=FACE_BOUND('',#2566,.T.);
#2826=FACE_BOUND('',#2567,.T.);
#2827=FACE_BOUND('',#2568,.T.);
#2828=FACE_BOUND('',#2569,.T.);
#2829=FACE_BOUND('',#2570,.T.);
#2830=FACE_BOUND('',#2571,.T.);
#2831=FACE_BOUND('',#2572,.T.);
#2832=FACE_BOUND('',#2573,.T.);
#2833=FACE_BOUND('',#2574,.T.);
#2834=FACE_BOUND('',#2575,.T.);
#2835=FACE_BOUND('',#2576,.T.);
#2836=FACE_BOUND('',#2577,.T.);
#2837=FACE_BOUND('',#2578,.T.);
#2838=FACE_BOUND('',#2579,.T.);
#2839=FACE_BOUND('',#2580,.T.);
#2840=FACE_BOUND('',#2581,.T.);
#2841=FACE_BOUND('',#2582,.T.);
#2842=FACE_BOUND('',#2583,.T.);
#2843=FACE_BOUND('',#2584,.T.);
#2844=FACE_BOUND('',#2585,.T.);
#2845=FACE_BOUND('',#2586,.T.);
#2846=FACE_BOUND('',#2587,.T.);
#2847=FACE_BOUND('',#2588,.T.);
#2848=FACE_BOUND('',#2589,.T.);
#2849=FACE_BOUND('',#2590,.T.);
#2850=FACE_BOUND('',#2591,.T.);
#2851=FACE_BOUND('',#2592,.T.);
#2852=FACE_BOUND('',#2593,.T.);
#2853=FACE_BOUND('',#2594,.T.);
#2854=FACE_BOUND('',#2595,.T.);
#2855=FACE_BOUND('',#2596,.T.);
#2856=FACE_BOUND('',#2597,.T.);
#2857=FACE_BOUND('',#2598,.T.);
#2858=FACE_BOUND('',#2599,.T.);
#2859=FACE_BOUND('',#2600,.T.);
#2860=FACE_BOUND('',#2601,.T.);
#2861=FACE_BOUND('',#2602,.T.);
#2862=FACE_BOUND('',#2603,.T.);
#2863=FACE_BOUND('',#2604,.T.);
#2864=FACE_BOUND('',#2605,.T.);
#2865=FACE_BOUND('',#2606,.T.);
#2866=FACE_BOUND('',#2607,.T.);
#2867=FACE_BOUND('',#2608,.T.);
#2868=FACE_BOUND('',#2609,.T.);
#2869=FACE_BOUND('',#2610,.T.);
#2870=FACE_BOUND('',#2611,.T.);
#2871=PLANE('',#3142);
#2872=PLANE('',#3145);
#2873=PLANE('',#3158);
#2874=PLANE('',#3185);
#2875=PLANE('',#3189);
#2876=PLANE('',#3193);
#2877=PLANE('',#3197);
#2878=PLANE('',#3201);
#2879=PLANE('',#3205);
#2880=PLANE('',#3209);
#2881=PLANE('',#3211);
#2882=PLANE('',#3218);
#2883=PLANE('',#3226);
#2884=PLANE('',#3231);
#2885=PLANE('',#3232);
#2886=PLANE('',#3236);
#2887=PLANE('',#3243);
#2888=PLANE('',#3255);
#2889=PLANE('',#3271);
#2890=PLANE('',#3275);
#2891=PLANE('',#3277);
#2892=PLANE('',#3283);
#2893=PLANE('',#3318);
#2894=PLANE('',#3319);
#2895=PLANE('',#3320);
#2896=PLANE('',#3322);
#2897=PLANE('',#3324);
#2898=PLANE('',#3325);
#2899=PLANE('',#3328);
#2900=PLANE('',#3331);
#2901=PLANE('',#3334);
#2902=PLANE('',#3341);
#2903=PLANE('',#3342);
#2904=PLANE('',#3348);
#2905=PLANE('',#3353);
#2906=PLANE('',#3357);
#2907=PLANE('',#3361);
#2908=PLANE('',#3365);
#2909=PLANE('',#3369);
#2910=PLANE('',#3373);
#2911=PLANE('',#3387);
#2912=PLANE('',#3390);
#2913=PLANE('',#3393);
#2914=PLANE('',#3396);
#2915=PLANE('',#3399);
#2916=PLANE('',#3401);
#2917=PLANE('',#3404);
#2918=PLANE('',#3405);
#2919=PLANE('',#3408);
#2920=PLANE('',#3430);
#2921=PLANE('',#3432);
#2922=PLANE('',#3434);
#2923=PLANE('',#3436);
#2924=PLANE('',#3438);
#2925=PLANE('',#3439);
#2926=PLANE('',#3440);
#2927=PLANE('',#3441);
#2928=PLANE('',#3442);
#2929=PLANE('',#3460);
#2930=PLANE('',#3462);
#2931=PLANE('',#3463);
#2932=PLANE('',#3466);
#2933=PLANE('',#3468);
#2934=PLANE('',#3469);
#2935=PLANE('',#3472);
#2936=PLANE('',#3473);
#2937=PLANE('',#3476);
#2938=PLANE('',#3477);
#2939=PLANE('',#3484);
#2940=PLANE('',#3487);
#2941=PLANE('',#3488);
#2942=PLANE('',#3491);
#2943=PLANE('',#3492);
#2944=PLANE('',#3493);
#2945=ADVANCED_FACE('',(#2612),#2871,.T.);
#2946=ADVANCED_FACE('',(#2613,#2614),#2872,.T.);
#2947=ADVANCED_FACE('',(#2615,#2616,#2617,#2618,#2619,#2620),#2873,.T.);
#2948=ADVANCED_FACE('',(#2621),#65,.T.);
#2949=ADVANCED_FACE('',(#2622),#66,.T.);
#2950=ADVANCED_FACE('',(#2623),#2874,.T.);
#2951=ADVANCED_FACE('',(#2624),#67,.F.);
#2952=ADVANCED_FACE('',(#2625),#2875,.T.);
#2953=ADVANCED_FACE('',(#2626),#68,.F.);
#2954=ADVANCED_FACE('',(#2627),#2876,.T.);
#2955=ADVANCED_FACE('',(#2628),#69,.F.);
#2956=ADVANCED_FACE('',(#2629),#2877,.F.);
#2957=ADVANCED_FACE('',(#2630),#70,.F.);
#2958=ADVANCED_FACE('',(#2631),#2878,.F.);
#2959=ADVANCED_FACE('',(#2632),#71,.F.);
#2960=ADVANCED_FACE('',(#2633),#2879,.F.);
#2961=ADVANCED_FACE('',(#2634),#72,.F.);
#2962=ADVANCED_FACE('',(#2635),#2880,.T.);
#2963=ADVANCED_FACE('',(#2636,#2637,#2638,#2639),#2881,.T.);
#2964=ADVANCED_FACE('',(#2640,#2641,#2642,#2643),#2882,.F.);
#2965=ADVANCED_FACE('',(#2644,#2645),#2883,.T.);
#2966=ADVANCED_FACE('',(#2646,#2647),#2884,.T.);
#2967=ADVANCED_FACE('',(#2648),#2885,.F.);
#2968=ADVANCED_FACE('',(#2649),#2886,.F.);
#2969=ADVANCED_FACE('',(#2650),#73,.F.);
#2970=ADVANCED_FACE('',(#2651),#74,.F.);
#2971=ADVANCED_FACE('',(#2652,#2653,#2654,#2655),#2887,.F.);
#2972=ADVANCED_FACE('',(#2656),#75,.F.);
#2973=ADVANCED_FACE('',(#2657),#76,.F.);
#2974=ADVANCED_FACE('',(#2658,#2659),#77,.F.);
#2975=ADVANCED_FACE('',(#2660,#2661,#2662,#2663,#2664,#2665),#2888,.F.);
#2976=ADVANCED_FACE('',(#2666),#78,.T.);
#2977=ADVANCED_FACE('',(#2667,#2668),#79,.T.);
#2978=ADVANCED_FACE('',(#2669,#2670),#2889,.T.);
#2979=ADVANCED_FACE('',(#2671,#2672),#80,.T.);
#2980=ADVANCED_FACE('',(#2673,#2674),#2890,.T.);
#2981=ADVANCED_FACE('',(#2675,#2676),#2891,.T.);
#2982=ADVANCED_FACE('',(#2677,#2678,#2679,#2680),#2892,.T.);
#2983=ADVANCED_FACE('',(#2681,#2682),#27,.F.);
#2984=ADVANCED_FACE('',(#2683,#2684),#81,.F.);
#2985=ADVANCED_FACE('',(#2685,#2686),#28,.F.);
#2986=ADVANCED_FACE('',(#2687,#2688),#82,.F.);
#2987=ADVANCED_FACE('',(#2689,#2690),#29,.F.);
#2988=ADVANCED_FACE('',(#2691,#2692),#83,.F.);
#2989=ADVANCED_FACE('',(#2693),#84,.T.);
#2990=ADVANCED_FACE('',(#2694),#85,.T.);
#2991=ADVANCED_FACE('',(#2695),#86,.T.);
#2992=ADVANCED_FACE('',(#2696),#18,.T.);
#2993=ADVANCED_FACE('',(#2697),#87,.T.);
#2994=ADVANCED_FACE('',(#2698),#88,.T.);
#2995=ADVANCED_FACE('',(#2699),#19,.T.);
#2996=ADVANCED_FACE('',(#2700),#20,.T.);
#2997=ADVANCED_FACE('',(#2701),#89,.T.);
#2998=ADVANCED_FACE('',(#2702),#90,.T.);
#2999=ADVANCED_FACE('',(#2703),#21,.T.);
#3000=ADVANCED_FACE('',(#2704),#2893,.T.);
#3001=ADVANCED_FACE('',(#2705),#2894,.F.);
#3002=ADVANCED_FACE('',(#2706),#2895,.T.);
#3003=ADVANCED_FACE('',(#2707),#91,.T.);
#3004=ADVANCED_FACE('',(#2708),#2896,.T.);
#3005=ADVANCED_FACE('',(#2709),#92,.F.);
#3006=ADVANCED_FACE('',(#2710),#2897,.T.);
#3007=ADVANCED_FACE('',(#2711),#2898,.T.);
#3008=ADVANCED_FACE('',(#2712),#93,.T.);
#3009=ADVANCED_FACE('',(#2713),#2899,.T.);
#3010=ADVANCED_FACE('',(#2714),#94,.F.);
#3011=ADVANCED_FACE('',(#2715),#2900,.T.);
#3012=ADVANCED_FACE('',(#2716),#95,.T.);
#3013=ADVANCED_FACE('',(#2717),#2901,.T.);
#3014=ADVANCED_FACE('',(#2718),#96,.F.);
#3015=ADVANCED_FACE('',(#2719),#97,.F.);
#3016=ADVANCED_FACE('',(#2720),#98,.F.);
#3017=ADVANCED_FACE('',(#2721),#99,.F.);
#3018=ADVANCED_FACE('',(#2722),#2902,.T.);
#3019=ADVANCED_FACE('',(#2723),#2903,.T.);
#3020=ADVANCED_FACE('',(#2724),#100,.F.);
#3021=ADVANCED_FACE('',(#2725),#101,.F.);
#3022=ADVANCED_FACE('',(#2726),#102,.F.);
#3023=ADVANCED_FACE('',(#2727,#2728),#103,.F.);
#3024=ADVANCED_FACE('',(#2729,#2730),#2904,.T.);
#3025=ADVANCED_FACE('',(#2731,#2732),#104,.F.);
#3026=ADVANCED_FACE('',(#2733,#2734),#105,.F.);
#3027=ADVANCED_FACE('',(#2735,#2736),#2905,.T.);
#3028=ADVANCED_FACE('',(#2737,#2738),#106,.F.);
#3029=ADVANCED_FACE('',(#2739,#2740),#2906,.T.);
#3030=ADVANCED_FACE('',(#2741,#2742),#107,.F.);
#3031=ADVANCED_FACE('',(#2743,#2744),#2907,.T.);
#3032=ADVANCED_FACE('',(#2745,#2746),#108,.F.);
#3033=ADVANCED_FACE('',(#2747,#2748),#2908,.T.);
#3034=ADVANCED_FACE('',(#2749,#2750),#109,.F.);
#3035=ADVANCED_FACE('',(#2751,#2752),#2909,.T.);
#3036=ADVANCED_FACE('',(#2753,#2754),#110,.F.);
#3037=ADVANCED_FACE('',(#2755,#2756),#2910,.T.);
#3038=ADVANCED_FACE('',(#2757,#2758),#111,.F.);
#3039=ADVANCED_FACE('',(#2759,#2760),#112,.F.);
#3040=ADVANCED_FACE('',(#2761,#2762),#113,.F.);
#3041=ADVANCED_FACE('',(#2763,#2764),#114,.F.);
#3042=ADVANCED_FACE('',(#2765,#2766),#115,.F.);
#3043=ADVANCED_FACE('',(#2767,#2768),#116,.F.);
#3044=ADVANCED_FACE('',(#2769),#2911,.T.);
#3045=ADVANCED_FACE('',(#2770),#117,.F.);
#3046=ADVANCED_FACE('',(#2771),#2912,.F.);
#3047=ADVANCED_FACE('',(#2772),#118,.F.);
#3048=ADVANCED_FACE('',(#2773),#2913,.T.);
#3049=ADVANCED_FACE('',(#2774),#119,.F.);
#3050=ADVANCED_FACE('',(#2775),#2914,.F.);
#3051=ADVANCED_FACE('',(#2776),#120,.F.);
#3052=ADVANCED_FACE('',(#2777,#2778),#2915,.T.);
#3053=ADVANCED_FACE('',(#2779,#2780),#30,.F.);
#3054=ADVANCED_FACE('',(#2781,#2782),#2916,.T.);
#3055=ADVANCED_FACE('',(#2783),#2917,.F.);
#3056=ADVANCED_FACE('',(#2784,#2785),#2918,.F.);
#3057=ADVANCED_FACE('',(#2786),#2919,.T.);
#3058=ADVANCED_FACE('',(#2787,#2788),#121,.F.);
#3059=ADVANCED_FACE('',(#2789),#122,.T.);
#3060=ADVANCED_FACE('',(#2790,#2791),#31,.F.);
#3061=ADVANCED_FACE('',(#2792,#2793),#32,.F.);
#3062=ADVANCED_FACE('',(#2794,#2795),#33,.F.);
#3063=ADVANCED_FACE('',(#2796,#2797),#34,.F.);
#3064=ADVANCED_FACE('',(#2798,#2799),#35,.F.);
#3065=ADVANCED_FACE('',(#2800,#2801),#36,.F.);
#3066=ADVANCED_FACE('',(#2802),#123,.T.);
#3067=ADVANCED_FACE('',(#2803),#22,.T.);
#3068=ADVANCED_FACE('',(#2804),#124,.T.);
#3069=ADVANCED_FACE('',(#2805),#125,.T.);
#3070=ADVANCED_FACE('',(#2806),#23,.T.);
#3071=ADVANCED_FACE('',(#2807),#126,.T.);
#3072=ADVANCED_FACE('',(#2808,#2809),#37,.F.);
#3073=ADVANCED_FACE('',(#2810),#2920,.T.);
#3074=ADVANCED_FACE('',(#2811),#127,.F.);
#3075=ADVANCED_FACE('',(#2812),#2921,.F.);
#3076=ADVANCED_FACE('',(#2813),#128,.F.);
#3077=ADVANCED_FACE('',(#2814),#2922,.F.);
#3078=ADVANCED_FACE('',(#2815),#129,.F.);
#3079=ADVANCED_FACE('',(#2816),#2923,.F.);
#3080=ADVANCED_FACE('',(#2817),#130,.F.);
#3081=ADVANCED_FACE('',(#2818),#2924,.T.);
#3082=ADVANCED_FACE('',(#2819),#2925,.F.);
#3083=ADVANCED_FACE('',(#2820),#2926,.F.);
#3084=ADVANCED_FACE('',(#2821),#2927,.T.);
#3085=ADVANCED_FACE('',(#2822,#2823),#2928,.T.);
#3086=ADVANCED_FACE('',(#2824),#131,.F.);
#3087=ADVANCED_FACE('',(#2825),#132,.F.);
#3088=ADVANCED_FACE('',(#2826),#133,.F.);
#3089=ADVANCED_FACE('',(#2827),#134,.F.);
#3090=ADVANCED_FACE('',(#2828),#2929,.T.);
#3091=ADVANCED_FACE('',(#2829),#14,.T.);
#3092=ADVANCED_FACE('',(#2830),#15,.T.);
#3093=ADVANCED_FACE('',(#2831),#16,.T.);
#3094=ADVANCED_FACE('',(#2832),#38,.F.);
#3095=ADVANCED_FACE('',(#2833),#2930,.F.);
#3096=ADVANCED_FACE('',(#2834),#2931,.T.);
#3097=ADVANCED_FACE('',(#2835),#17,.T.);
#3098=ADVANCED_FACE('',(#2836),#39,.F.);
#3099=ADVANCED_FACE('',(#2837),#40,.F.);
#3100=ADVANCED_FACE('',(#2838),#2932,.F.);
#3101=ADVANCED_FACE('',(#2839),#41,.F.);
#3102=ADVANCED_FACE('',(#2840),#2933,.F.);
#3103=ADVANCED_FACE('',(#2841),#2934,.F.);
#3104=ADVANCED_FACE('',(#2842),#42,.F.);
#3105=ADVANCED_FACE('',(#2843),#43,.F.);
#3106=ADVANCED_FACE('',(#2844),#2935,.T.);
#3107=ADVANCED_FACE('',(#2845),#2936,.F.);
#3108=ADVANCED_FACE('',(#2846),#44,.F.);
#3109=ADVANCED_FACE('',(#2847),#45,.F.);
#3110=ADVANCED_FACE('',(#2848),#2937,.T.);
#3111=ADVANCED_FACE('',(#2849),#2938,.T.);
#3112=ADVANCED_FACE('',(#2850),#46,.F.);
#3113=ADVANCED_FACE('',(#2851,#2852),#135,.F.);
#3114=ADVANCED_FACE('',(#2853,#2854),#47,.F.);
#3115=ADVANCED_FACE('',(#2855,#2856),#136,.F.);
#3116=ADVANCED_FACE('',(#2857,#2858),#2939,.T.);
#3117=ADVANCED_FACE('',(#2859),#2940,.T.);
#3118=ADVANCED_FACE('',(#2860),#2941,.F.);
#3119=ADVANCED_FACE('',(#2861),#137,.F.);
#3120=ADVANCED_FACE('',(#2862),#138,.F.);
#3121=ADVANCED_FACE('',(#2863),#2942,.T.);
#3122=ADVANCED_FACE('',(#2864),#2943,.F.);
#3123=ADVANCED_FACE('',(#2865),#2944,.F.);
#3124=ADVANCED_FACE('',(#2866),#139,.T.);
#3125=ADVANCED_FACE('',(#2867),#140,.F.);
#3126=ADVANCED_FACE('',(#2868),#141,.F.);
#3127=ADVANCED_FACE('',(#2869),#142,.T.);
#3128=ADVANCED_FACE('',(#2870),#143,.T.);
#3129=CLOSED_SHELL('',(#2945,#2946,#2947,#2948,#2949,#2950,#2951,#2952,
#2953,#2954,#2955,#2956,#2957,#2958,#2959,#2960,#2961,#2962,#2963,#2964,
#2965,#2966,#2967,#2968,#2969,#2970,#2971,#2972,#2973,#2974,#2975,#2976,
#2977,#2978,#2979,#2980,#2981,#2982,#2983,#2984,#2985,#2986,#2987,#2988,
#2989,#2990,#2991,#2992,#2993,#2994,#2995,#2996,#2997,#2998,#2999,#3000,
#3001,#3002,#3003,#3004,#3005,#3006,#3007,#3008,#3009,#3010,#3011,#3012,
#3013,#3014,#3015,#3016,#3017,#3018,#3019,#3020,#3021,#3022,#3023,#3024,
#3025,#3026,#3027,#3028,#3029,#3030,#3031,#3032,#3033,#3034,#3035,#3036,
#3037,#3038,#3039,#3040,#3041,#3042,#3043,#3044,#3045,#3046,#3047,#3048,
#3049,#3050,#3051,#3052,#3053,#3054,#3055,#3056,#3057,#3058,#3059,#3060,
#3061,#3062,#3063,#3064,#3065,#3066,#3067,#3068,#3069,#3070,#3071,#3072,
#3073,#3074,#3075,#3076,#3077,#3078,#3079,#3080,#3081,#3082,#3083,#3084,
#3085,#3086,#3087,#3088,#3089,#3090,#3091,#3092,#3093,#3094,#3095,#3096,
#3097,#3098,#3099,#3100,#3101,#3102,#3103,#3104,#3105,#3106,#3107,#3108,
#3109,#3110,#3111,#3112,#3113,#3114,#3115,#3116,#3117,#3118,#3119,#3120,
#3121,#3122,#3123,#3124,#3125,#3126,#3127,#3128));
#3130=STYLED_ITEM('',(#3131),#3138);
#3131=PRESENTATION_STYLE_ASSIGNMENT((#3132));
#3132=SURFACE_STYLE_USAGE(.BOTH.,#3133);
#3133=SURFACE_SIDE_STYLE('',(#3134));
#3134=SURFACE_STYLE_FILL_AREA(#3135);
#3135=FILL_AREA_STYLE('',(#3136));
#3136=FILL_AREA_STYLE_COLOUR('',#3137);
#3137=DRAUGHTING_PRE_DEFINED_COLOUR('red');
#3138=MANIFOLD_SOLID_BREP('Case',#3129);
#3139=SHAPE_DEFINITION_REPRESENTATION(#5450,#3140);
#3140=SHAPE_REPRESENTATION('Case',(#3141),#5445);
#3141=AXIS2_PLACEMENT_3D('',#4452,#3501,#3502);
#3142=AXIS2_PLACEMENT_3D('',#4453,#3503,#3504);
#3143=AXIS2_PLACEMENT_3D('',#4461,#3508,#3509);
#3144=AXIS2_PLACEMENT_3D('',#4465,#3511,#3512);
#3145=AXIS2_PLACEMENT_3D('',#4466,#3513,#3514);
#3146=AXIS2_PLACEMENT_3D('',#4470,#3516,#3517);
#3147=AXIS2_PLACEMENT_3D('',#4474,#3519,#3520);
#3148=AXIS2_PLACEMENT_3D('',#4478,#3522,#3523);
#3149=AXIS2_PLACEMENT_3D('',#4482,#3525,#3526);
#3150=AXIS2_PLACEMENT_3D('',#4486,#3528,#3529);
#3151=AXIS2_PLACEMENT_3D('',#4490,#3531,#3532);
#3152=AXIS2_PLACEMENT_3D('',#4494,#3534,#3535);
#3153=AXIS2_PLACEMENT_3D('',#4498,#3537,#3538);
#3154=AXIS2_PLACEMENT_3D('',#4502,#3540,#3541);
#3155=AXIS2_PLACEMENT_3D('',#4506,#3543,#3544);
#3156=AXIS2_PLACEMENT_3D('',#4510,#3546,#3547);
#3157=AXIS2_PLACEMENT_3D('',#4514,#3549,#3550);
#3158=AXIS2_PLACEMENT_3D('',#4515,#3551,#3552);
#3159=AXIS2_PLACEMENT_3D('',#4519,#3554,#3555);
#3160=AXIS2_PLACEMENT_3D('',#4521,#3556,#3557);
#3161=AXIS2_PLACEMENT_3D('',#4523,#3558,#3559);
#3162=AXIS2_PLACEMENT_3D('',#4529,#3562,#3563);
#3163=AXIS2_PLACEMENT_3D('',#4533,#3565,#3566);
#3164=AXIS2_PLACEMENT_3D('',#4537,#3568,#3569);
#3165=AXIS2_PLACEMENT_3D('',#4541,#3571,#3572);
#3166=AXIS2_PLACEMENT_3D('',#4545,#3574,#3575);
#3167=AXIS2_PLACEMENT_3D('',#4549,#3577,#3578);
#3168=AXIS2_PLACEMENT_3D('',#4553,#3580,#3581);
#3169=AXIS2_PLACEMENT_3D('',#4557,#3583,#3584);
#3170=AXIS2_PLACEMENT_3D('',#4561,#3586,#3587);
#3171=AXIS2_PLACEMENT_3D('',#4565,#3589,#3590);
#3172=AXIS2_PLACEMENT_3D('',#4569,#3592,#3593);
#3173=AXIS2_PLACEMENT_3D('',#4573,#3595,#3596);
#3174=AXIS2_PLACEMENT_3D('',#4577,#3598,#3599);
#3175=AXIS2_PLACEMENT_3D('',#4581,#3601,#3602);
#3176=AXIS2_PLACEMENT_3D('',#4584,#3604,#3605);
#3177=AXIS2_PLACEMENT_3D('',#4586,#3606,#3607);
#3178=AXIS2_PLACEMENT_3D('',#4588,#3608,#3609);
#3179=AXIS2_PLACEMENT_3D('',#4590,#3610,#3611);
#3180=AXIS2_PLACEMENT_3D('',#4592,#3612,#3613);
#3181=AXIS2_PLACEMENT_3D('',#4594,#3614,#3615);
#3182=AXIS2_PLACEMENT_3D('',#4597,#3617,#3618);
#3183=AXIS2_PLACEMENT_3D('',#4600,#3620,#3621);
#3184=AXIS2_PLACEMENT_3D('',#4609,#3623,#3624);
#3185=AXIS2_PLACEMENT_3D('',#4618,#3627,#3628);
#3186=AXIS2_PLACEMENT_3D('',#4627,#3633,#3634);
#3187=AXIS2_PLACEMENT_3D('',#4628,#3635,#3636);
#3188=AXIS2_PLACEMENT_3D('',#4632,#3638,#3639);
#3189=AXIS2_PLACEMENT_3D('',#4633,#3640,#3641);
#3190=AXIS2_PLACEMENT_3D('',#4639,#3645,#3646);
#3191=AXIS2_PLACEMENT_3D('',#4640,#3647,#3648);
#3192=AXIS2_PLACEMENT_3D('',#4644,#3650,#3651);
#3193=AXIS2_PLACEMENT_3D('',#4645,#3652,#3653);
#3194=AXIS2_PLACEMENT_3D('',#4651,#3657,#3658);
#3195=AXIS2_PLACEMENT_3D('',#4652,#3659,#3660);
#3196=AXIS2_PLACEMENT_3D('',#4656,#3662,#3663);
#3197=AXIS2_PLACEMENT_3D('',#4657,#3664,#3665);
#3198=AXIS2_PLACEMENT_3D('',#4663,#3669,#3670);
#3199=AXIS2_PLACEMENT_3D('',#4664,#3671,#3672);
#3200=AXIS2_PLACEMENT_3D('',#4668,#3674,#3675);
#3201=AXIS2_PLACEMENT_3D('',#4669,#3676,#3677);
#3202=AXIS2_PLACEMENT_3D('',#4675,#3681,#3682);
#3203=AXIS2_PLACEMENT_3D('',#4676,#3683,#3684);
#3204=AXIS2_PLACEMENT_3D('',#4680,#3686,#3687);
#3205=AXIS2_PLACEMENT_3D('',#4681,#3688,#3689);
#3206=AXIS2_PLACEMENT_3D('',#4687,#3693,#3694);
#3207=AXIS2_PLACEMENT_3D('',#4688,#3695,#3696);
#3208=AXIS2_PLACEMENT_3D('',#4689,#3697,#3698);
#3209=AXIS2_PLACEMENT_3D('',#4690,#3699,#3700);
#3210=AXIS2_PLACEMENT_3D('',#4694,#3702,#3703);
#3211=AXIS2_PLACEMENT_3D('',#4700,#3707,#3708);
#3212=AXIS2_PLACEMENT_3D('',#4701,#3709,#3710);
#3213=AXIS2_PLACEMENT_3D('',#4703,#3711,#3712);
#3214=AXIS2_PLACEMENT_3D('',#4705,#3713,#3714);
#3215=AXIS2_PLACEMENT_3D('',#4707,#3715,#3716);
#3216=AXIS2_PLACEMENT_3D('',#4711,#3718,#3719);
#3217=AXIS2_PLACEMENT_3D('',#4715,#3721,#3722);
#3218=AXIS2_PLACEMENT_3D('',#4726,#3728,#3729);
#3219=AXIS2_PLACEMENT_3D('',#4727,#3730,#3731);
#3220=AXIS2_PLACEMENT_3D('',#4729,#3732,#3733);
#3221=AXIS2_PLACEMENT_3D('',#4731,#3734,#3735);
#3222=AXIS2_PLACEMENT_3D('',#4733,#3736,#3737);
#3223=AXIS2_PLACEMENT_3D('',#4743,#3742,#3743);
#3224=AXIS2_PLACEMENT_3D('',#4747,#3745,#3746);
#3225=AXIS2_PLACEMENT_3D('',#4751,#3748,#3749);
#3226=AXIS2_PLACEMENT_3D('',#4754,#3751,#3752);
#3227=AXIS2_PLACEMENT_3D('',#4763,#3757,#3758);
#3228=AXIS2_PLACEMENT_3D('',#4767,#3760,#3761);
#3229=AXIS2_PLACEMENT_3D('',#4771,#3763,#3764);
#3230=AXIS2_PLACEMENT_3D('',#4775,#3766,#3767);
#3231=AXIS2_PLACEMENT_3D('',#4776,#3768,#3769);
#3232=AXIS2_PLACEMENT_3D('',#4786,#3775,#3776);
#3233=AXIS2_PLACEMENT_3D('',#4795,#3781,#3782);
#3234=AXIS2_PLACEMENT_3D('',#4799,#3784,#3785);
#3235=AXIS2_PLACEMENT_3D('',#4803,#3787,#3788);
#3236=AXIS2_PLACEMENT_3D('',#4805,#3790,#3791);
#3237=AXIS2_PLACEMENT_3D('',#4819,#3799,#3800);
#3238=AXIS2_PLACEMENT_3D('',#4820,#3801,#3802);
#3239=AXIS2_PLACEMENT_3D('',#4822,#3803,#3804);
#3240=AXIS2_PLACEMENT_3D('',#4825,#3806,#3807);
#3241=AXIS2_PLACEMENT_3D('',#4826,#3808,#3809);
#3242=AXIS2_PLACEMENT_3D('',#4827,#3810,#3811);
#3243=AXIS2_PLACEMENT_3D('',#4828,#3812,#3813);
#3244=AXIS2_PLACEMENT_3D('',#4829,#3814,#3815);
#3245=AXIS2_PLACEMENT_3D('',#4831,#3816,#3817);
#3246=AXIS2_PLACEMENT_3D('',#4833,#3818,#3819);
#3247=AXIS2_PLACEMENT_3D('',#4841,#3824,#3825);
#3248=AXIS2_PLACEMENT_3D('',#4842,#3826,#3827);
#3249=AXIS2_PLACEMENT_3D('',#4843,#3828,#3829);
#3250=AXIS2_PLACEMENT_3D('',#4844,#3830,#3831);
#3251=AXIS2_PLACEMENT_3D('',#4846,#3833,#3834);
#3252=AXIS2_PLACEMENT_3D('',#4847,#3835,#3836);
#3253=AXIS2_PLACEMENT_3D('',#4848,#3837,#3838);
#3254=AXIS2_PLACEMENT_3D('',#4850,#3839,#3840);
#3255=AXIS2_PLACEMENT_3D('',#4852,#3841,#3842);
#3256=AXIS2_PLACEMENT_3D('',#4853,#3843,#3844);
#3257=AXIS2_PLACEMENT_3D('',#4855,#3845,#3846);
#3258=AXIS2_PLACEMENT_3D('',#4857,#3847,#3848);
#3259=AXIS2_PLACEMENT_3D('',#4859,#3849,#3850);
#3260=AXIS2_PLACEMENT_3D('',#4864,#3852,#3853);
#3261=AXIS2_PLACEMENT_3D('',#4868,#3855,#3856);
#3262=AXIS2_PLACEMENT_3D('',#4872,#3858,#3859);
#3263=AXIS2_PLACEMENT_3D('',#4876,#3861,#3862);
#3264=AXIS2_PLACEMENT_3D('',#4880,#3864,#3865);
#3265=AXIS2_PLACEMENT_3D('',#4881,#3866,#3867);
#3266=AXIS2_PLACEMENT_3D('',#4885,#3869,#3870);
#3267=AXIS2_PLACEMENT_3D('',#4886,#3871,#3872);
#3268=AXIS2_PLACEMENT_3D('',#4889,#3874,#3875);
#3269=AXIS2_PLACEMENT_3D('',#4892,#3877,#3878);
#3270=AXIS2_PLACEMENT_3D('',#4893,#3879,#3880);
#3271=AXIS2_PLACEMENT_3D('',#4895,#3881,#3882);
#3272=AXIS2_PLACEMENT_3D('',#4896,#3883,#3884);
#3273=AXIS2_PLACEMENT_3D('',#4898,#3885,#3886);
#3274=AXIS2_PLACEMENT_3D('',#4899,#3887,#3888);
#3275=AXIS2_PLACEMENT_3D('',#4901,#3889,#3890);
#3276=AXIS2_PLACEMENT_3D('',#4902,#3891,#3892);
#3277=AXIS2_PLACEMENT_3D('',#4904,#3893,#3894);
#3278=AXIS2_PLACEMENT_3D('',#4905,#3895,#3896);
#3279=AXIS2_PLACEMENT_3D('',#4909,#3898,#3899);
#3280=AXIS2_PLACEMENT_3D('',#4910,#3900,#3901);
#3281=AXIS2_PLACEMENT_3D('',#4914,#3903,#3904);
#3282=AXIS2_PLACEMENT_3D('',#4918,#3906,#3907);
#3283=AXIS2_PLACEMENT_3D('',#4921,#3909,#3910);
#3284=AXIS2_PLACEMENT_3D('',#4922,#3911,#3912);
#3285=AXIS2_PLACEMENT_3D('',#4924,#3913,#3914);
#3286=AXIS2_PLACEMENT_3D('',#4926,#3915,#3916);
#3287=AXIS2_PLACEMENT_3D('',#4931,#3919,#3920);
#3288=AXIS2_PLACEMENT_3D('',#4933,#3921,#3922);
#3289=AXIS2_PLACEMENT_3D('',#4935,#3923,#3924);
#3290=AXIS2_PLACEMENT_3D('',#4936,#3925,#3926);
#3291=AXIS2_PLACEMENT_3D('',#4938,#3927,#3928);
#3292=AXIS2_PLACEMENT_3D('',#4940,#3929,#3930);
#3293=AXIS2_PLACEMENT_3D('',#4941,#3931,#3932);
#3294=AXIS2_PLACEMENT_3D('',#4943,#3933,#3934);
#3295=AXIS2_PLACEMENT_3D('',#4945,#3935,#3936);
#3296=AXIS2_PLACEMENT_3D('',#4946,#3937,#3938);
#3297=AXIS2_PLACEMENT_3D('',#4947,#3939,#3940);
#3298=AXIS2_PLACEMENT_3D('',#4948,#3941,#3942);
#3299=AXIS2_PLACEMENT_3D('',#4949,#3943,#3944);
#3300=AXIS2_PLACEMENT_3D('',#4950,#3945,#3946);
#3301=AXIS2_PLACEMENT_3D('',#4951,#3947,#3948);
#3302=AXIS2_PLACEMENT_3D('',#4953,#3950,#3951);
#3303=AXIS2_PLACEMENT_3D('',#4964,#3952,#3953);
#3304=AXIS2_PLACEMENT_3D('',#4965,#3954,#3955);
#3305=AXIS2_PLACEMENT_3D('',#4966,#3956,#3957);
#3306=AXIS2_PLACEMENT_3D('',#4974,#3959,#3960);
#3307=AXIS2_PLACEMENT_3D('',#4979,#3961,#3962);
#3308=AXIS2_PLACEMENT_3D('',#4980,#3963,#3964);
#3309=AXIS2_PLACEMENT_3D('',#4981,#3965,#3966);
#3310=AXIS2_PLACEMENT_3D('',#4982,#3967,#3968);
#3311=AXIS2_PLACEMENT_3D('',#4983,#3969,#3970);
#3312=AXIS2_PLACEMENT_3D('',#4984,#3971,#3972);
#3313=AXIS2_PLACEMENT_3D('',#4985,#3973,#3974);
#3314=AXIS2_PLACEMENT_3D('',#4986,#3975,#3976);
#3315=AXIS2_PLACEMENT_3D('',#4987,#3977,#3978);
#3316=AXIS2_PLACEMENT_3D('',#4988,#3979,#3980);
#3317=AXIS2_PLACEMENT_3D('',#4989,#3981,#3982);
#3318=AXIS2_PLACEMENT_3D('',#4990,#3983,#3984);
#3319=AXIS2_PLACEMENT_3D('',#4992,#3986,#3987);
#3320=AXIS2_PLACEMENT_3D('',#4994,#3989,#3990);
#3321=AXIS2_PLACEMENT_3D('',#4997,#3993,#3994);
#3322=AXIS2_PLACEMENT_3D('',#4999,#3996,#3997);
#3323=AXIS2_PLACEMENT_3D('',#5001,#3999,#4000);
#3324=AXIS2_PLACEMENT_3D('',#5002,#4001,#4002);
#3325=AXIS2_PLACEMENT_3D('',#5008,#4006,#4007);
#3326=AXIS2_PLACEMENT_3D('',#5014,#4011,#4012);
#3327=AXIS2_PLACEMENT_3D('',#5017,#4014,#4015);
#3328=AXIS2_PLACEMENT_3D('',#5018,#4016,#4017);
#3329=AXIS2_PLACEMENT_3D('',#5022,#4020,#4021);
#3330=AXIS2_PLACEMENT_3D('',#5025,#4023,#4024);
#3331=AXIS2_PLACEMENT_3D('',#5026,#4025,#4026);
#3332=AXIS2_PLACEMENT_3D('',#5030,#4029,#4030);
#3333=AXIS2_PLACEMENT_3D('',#5031,#4031,#4032);
#3334=AXIS2_PLACEMENT_3D('',#5032,#4033,#4034);
#3335=AXIS2_PLACEMENT_3D('',#5033,#4035,#4036);
#3336=AXIS2_PLACEMENT_3D('',#5034,#4037,#4038);
#3337=AXIS2_PLACEMENT_3D('',#5035,#4039,#4040);
#3338=AXIS2_PLACEMENT_3D('',#5036,#4041,#4042);
#3339=AXIS2_PLACEMENT_3D('',#5037,#4043,#4044);
#3340=AXIS2_PLACEMENT_3D('',#5038,#4045,#4046);
#3341=AXIS2_PLACEMENT_3D('',#5039,#4047,#4048);
#3342=AXIS2_PLACEMENT_3D('',#5042,#4051,#4052);
#3343=AXIS2_PLACEMENT_3D('',#5050,#4058,#4059);
#3344=AXIS2_PLACEMENT_3D('',#5051,#4060,#4061);
#3345=AXIS2_PLACEMENT_3D('',#5052,#4062,#4063);
#3346=AXIS2_PLACEMENT_3D('',#5053,#4064,#4065);
#3347=AXIS2_PLACEMENT_3D('',#5054,#4066,#4067);
#3348=AXIS2_PLACEMENT_3D('',#5056,#4068,#4069);
#3349=AXIS2_PLACEMENT_3D('',#5057,#4070,#4071);
#3350=AXIS2_PLACEMENT_3D('',#5058,#4072,#4073);
#3351=AXIS2_PLACEMENT_3D('',#5060,#4074,#4075);
#3352=AXIS2_PLACEMENT_3D('',#5061,#4076,#4077);
#3353=AXIS2_PLACEMENT_3D('',#5063,#4078,#4079);
#3354=AXIS2_PLACEMENT_3D('',#5064,#4080,#4081);
#3355=AXIS2_PLACEMENT_3D('',#5066,#4082,#4083);
#3356=AXIS2_PLACEMENT_3D('',#5067,#4084,#4085);
#3357=AXIS2_PLACEMENT_3D('',#5069,#4086,#4087);
#3358=AXIS2_PLACEMENT_3D('',#5070,#4088,#4089);
#3359=AXIS2_PLACEMENT_3D('',#5072,#4090,#4091);
#3360=AXIS2_PLACEMENT_3D('',#5073,#4092,#4093);
#3361=AXIS2_PLACEMENT_3D('',#5075,#4094,#4095);
#3362=AXIS2_PLACEMENT_3D('',#5076,#4096,#4097);
#3363=AXIS2_PLACEMENT_3D('',#5078,#4098,#4099);
#3364=AXIS2_PLACEMENT_3D('',#5079,#4100,#4101);
#3365=AXIS2_PLACEMENT_3D('',#5081,#4102,#4103);
#3366=AXIS2_PLACEMENT_3D('',#5082,#4104,#4105);
#3367=AXIS2_PLACEMENT_3D('',#5084,#4106,#4107);
#3368=AXIS2_PLACEMENT_3D('',#5085,#4108,#4109);
#3369=AXIS2_PLACEMENT_3D('',#5087,#4110,#4111);
#3370=AXIS2_PLACEMENT_3D('',#5088,#4112,#4113);
#3371=AXIS2_PLACEMENT_3D('',#5090,#4114,#4115);
#3372=AXIS2_PLACEMENT_3D('',#5091,#4116,#4117);
#3373=AXIS2_PLACEMENT_3D('',#5093,#4118,#4119);
#3374=AXIS2_PLACEMENT_3D('',#5094,#4120,#4121);
#3375=AXIS2_PLACEMENT_3D('',#5096,#4122,#4123);
#3376=AXIS2_PLACEMENT_3D('',#5097,#4124,#4125);
#3377=AXIS2_PLACEMENT_3D('',#5099,#4126,#4127);
#3378=AXIS2_PLACEMENT_3D('',#5100,#4128,#4129);
#3379=AXIS2_PLACEMENT_3D('',#5102,#4130,#4131);
#3380=AXIS2_PLACEMENT_3D('',#5103,#4132,#4133);
#3381=AXIS2_PLACEMENT_3D('',#5105,#4134,#4135);
#3382=AXIS2_PLACEMENT_3D('',#5106,#4136,#4137);
#3383=AXIS2_PLACEMENT_3D('',#5108,#4138,#4139);
#3384=AXIS2_PLACEMENT_3D('',#5109,#4140,#4141);
#3385=AXIS2_PLACEMENT_3D('',#5111,#4142,#4143);
#3386=AXIS2_PLACEMENT_3D('',#5112,#4144,#4145);
#3387=AXIS2_PLACEMENT_3D('',#5114,#4146,#4147);
#3388=AXIS2_PLACEMENT_3D('',#5120,#4151,#4152);
#3389=AXIS2_PLACEMENT_3D('',#5123,#4154,#4155);
#3390=AXIS2_PLACEMENT_3D('',#5124,#4156,#4157);
#3391=AXIS2_PLACEMENT_3D('',#5128,#4160,#4161);
#3392=AXIS2_PLACEMENT_3D('',#5131,#4163,#4164);
#3393=AXIS2_PLACEMENT_3D('',#5132,#4165,#4166);
#3394=AXIS2_PLACEMENT_3D('',#5136,#4169,#4170);
#3395=AXIS2_PLACEMENT_3D('',#5139,#4172,#4173);
#3396=AXIS2_PLACEMENT_3D('',#5140,#4174,#4175);
#3397=AXIS2_PLACEMENT_3D('',#5144,#4178,#4179);
#3398=AXIS2_PLACEMENT_3D('',#5145,#4180,#4181);
#3399=AXIS2_PLACEMENT_3D('',#5146,#4182,#4183);
#3400=AXIS2_PLACEMENT_3D('',#5147,#4184,#4185);
#3401=AXIS2_PLACEMENT_3D('',#5148,#4186,#4187);
#3402=AXIS2_PLACEMENT_3D('',#5149,#4188,#4189);
#3403=AXIS2_PLACEMENT_3D('',#5153,#4191,#4192);
#3404=AXIS2_PLACEMENT_3D('',#5156,#4194,#4195);
#3405=AXIS2_PLACEMENT_3D('',#5162,#4199,#4200);
#3406=AXIS2_PLACEMENT_3D('',#5163,#4201,#4202);
#3407=AXIS2_PLACEMENT_3D('',#5165,#4203,#4204);
#3408=AXIS2_PLACEMENT_3D('',#5170,#4207,#4208);
#3409=AXIS2_PLACEMENT_3D('',#5176,#4212,#4213);
#3410=AXIS2_PLACEMENT_3D('',#5177,#4214,#4215);
#3411=AXIS2_PLACEMENT_3D('',#5178,#4216,#4217);
#3412=AXIS2_PLACEMENT_3D('',#5179,#4218,#4219);
#3413=AXIS2_PLACEMENT_3D('',#5180,#4220,#4221);
#3414=AXIS2_PLACEMENT_3D('',#5181,#4222,#4223);
#3415=AXIS2_PLACEMENT_3D('',#5182,#4224,#4225);
#3416=AXIS2_PLACEMENT_3D('',#5183,#4226,#4227);
#3417=AXIS2_PLACEMENT_3D('',#5184,#4228,#4229);
#3418=AXIS2_PLACEMENT_3D('',#5185,#4230,#4231);
#3419=AXIS2_PLACEMENT_3D('',#5186,#4232,#4233);
#3420=AXIS2_PLACEMENT_3D('',#5187,#4234,#4235);
#3421=AXIS2_PLACEMENT_3D('',#5188,#4236,#4237);
#3422=AXIS2_PLACEMENT_3D('',#5189,#4238,#4239);
#3423=AXIS2_PLACEMENT_3D('',#5190,#4240,#4241);
#3424=AXIS2_PLACEMENT_3D('',#5191,#4242,#4243);
#3425=AXIS2_PLACEMENT_3D('',#5192,#4244,#4245);
#3426=AXIS2_PLACEMENT_3D('',#5193,#4246,#4247);
#3427=AXIS2_PLACEMENT_3D('',#5194,#4248,#4249);
#3428=AXIS2_PLACEMENT_3D('',#5195,#4250,#4251);
#3429=AXIS2_PLACEMENT_3D('',#5196,#4252,#4253);
#3430=AXIS2_PLACEMENT_3D('',#5197,#4254,#4255);
#3431=AXIS2_PLACEMENT_3D('',#5200,#4258,#4259);
#3432=AXIS2_PLACEMENT_3D('',#5202,#4261,#4262);
#3433=AXIS2_PLACEMENT_3D('',#5204,#4264,#4265);
#3434=AXIS2_PLACEMENT_3D('',#5206,#4267,#4268);
#3435=AXIS2_PLACEMENT_3D('',#5208,#4270,#4271);
#3436=AXIS2_PLACEMENT_3D('',#5210,#4273,#4274);
#3437=AXIS2_PLACEMENT_3D('',#5212,#4276,#4277);
#3438=AXIS2_PLACEMENT_3D('',#5213,#4278,#4279);
#3439=AXIS2_PLACEMENT_3D('',#5222,#4284,#4285);
#3440=AXIS2_PLACEMENT_3D('',#5231,#4290,#4291);
#3441=AXIS2_PLACEMENT_3D('',#5240,#4296,#4297);
#3442=AXIS2_PLACEMENT_3D('',#5249,#4302,#4303);
#3443=AXIS2_PLACEMENT_3D('',#5253,#4305,#4306);
#3444=AXIS2_PLACEMENT_3D('',#5257,#4308,#4309);
#3445=AXIS2_PLACEMENT_3D('',#5261,#4311,#4312);
#3446=AXIS2_PLACEMENT_3D('',#5265,#4314,#4315);
#3447=AXIS2_PLACEMENT_3D('',#5269,#4317,#4318);
#3448=AXIS2_PLACEMENT_3D('',#5273,#4320,#4321);
#3449=AXIS2_PLACEMENT_3D('',#5274,#4322,#4323);
#3450=AXIS2_PLACEMENT_3D('',#5275,#4324,#4325);
#3451=AXIS2_PLACEMENT_3D('',#5276,#4326,#4327);
#3452=AXIS2_PLACEMENT_3D('',#5277,#4328,#4329);
#3453=AXIS2_PLACEMENT_3D('',#5278,#4330,#4331);
#3454=AXIS2_PLACEMENT_3D('',#5287,#4332,#4333);
#3455=AXIS2_PLACEMENT_3D('',#5288,#4334,#4335);
#3456=AXIS2_PLACEMENT_3D('',#5302,#4336,#4337);
#3457=AXIS2_PLACEMENT_3D('',#5303,#4338,#4339);
#3458=AXIS2_PLACEMENT_3D('',#5311,#4340,#4341);
#3459=AXIS2_PLACEMENT_3D('',#5312,#4342,#4343);
#3460=AXIS2_PLACEMENT_3D('',#5313,#4344,#4345);
#3461=AXIS2_PLACEMENT_3D('',#5358,#4346,#4347);
#3462=AXIS2_PLACEMENT_3D('',#5360,#4349,#4350);
#3463=AXIS2_PLACEMENT_3D('',#5365,#4351,#4352);
#3464=AXIS2_PLACEMENT_3D('',#5379,#4354,#4355);
#3465=AXIS2_PLACEMENT_3D('',#5381,#4357,#4358);
#3466=AXIS2_PLACEMENT_3D('',#5383,#4360,#4361);
#3467=AXIS2_PLACEMENT_3D('',#5384,#4362,#4363);
#3468=AXIS2_PLACEMENT_3D('',#5387,#4366,#4367);
#3469=AXIS2_PLACEMENT_3D('',#5389,#4369,#4370);
#3470=AXIS2_PLACEMENT_3D('',#5391,#4372,#4373);
#3471=AXIS2_PLACEMENT_3D('',#5393,#4375,#4376);
#3472=AXIS2_PLACEMENT_3D('',#5395,#4378,#4379);
#3473=AXIS2_PLACEMENT_3D('',#5397,#4381,#4382);
#3474=AXIS2_PLACEMENT_3D('',#5399,#4384,#4385);
#3475=AXIS2_PLACEMENT_3D('',#5401,#4387,#4388);
#3476=AXIS2_PLACEMENT_3D('',#5403,#4390,#4391);
#3477=AXIS2_PLACEMENT_3D('',#5405,#4393,#4394);
#3478=AXIS2_PLACEMENT_3D('',#5407,#4396,#4397);
#3479=AXIS2_PLACEMENT_3D('',#5408,#4398,#4399);
#3480=AXIS2_PLACEMENT_3D('',#5409,#4400,#4401);
#3481=AXIS2_PLACEMENT_3D('',#5411,#4402,#4403);
#3482=AXIS2_PLACEMENT_3D('',#5412,#4404,#4405);
#3483=AXIS2_PLACEMENT_3D('',#5413,#4406,#4407);
#3484=AXIS2_PLACEMENT_3D('',#5415,#4408,#4409);
#3485=AXIS2_PLACEMENT_3D('',#5418,#4411,#4412);
#3486=AXIS2_PLACEMENT_3D('',#5419,#4413,#4414);
#3487=AXIS2_PLACEMENT_3D('',#5422,#4416,#4417);
#3488=AXIS2_PLACEMENT_3D('',#5424,#4419,#4420);
#3489=AXIS2_PLACEMENT_3D('',#5426,#4422,#4423);
#3490=AXIS2_PLACEMENT_3D('',#5427,#4424,#4425);
#3491=AXIS2_PLACEMENT_3D('',#5428,#4426,#4427);
#3492=AXIS2_PLACEMENT_3D('',#5431,#4430,#4431);
#3493=AXIS2_PLACEMENT_3D('',#5434,#4434,#4435);
#3494=AXIS2_PLACEMENT_3D('',#5437,#4438,#4439);
#3495=AXIS2_PLACEMENT_3D('',#5438,#4440,#4441);
#3496=AXIS2_PLACEMENT_3D('',#5439,#4442,#4443);
#3497=AXIS2_PLACEMENT_3D('',#5440,#4444,#4445);
#3498=AXIS2_PLACEMENT_3D('',#5441,#4446,#4447);
#3499=AXIS2_PLACEMENT_3D('',#5442,#4448,#4449);
#3500=AXIS2_PLACEMENT_3D('',#5443,#4450,#4451);
#3501=DIRECTION('',(0.,0.,1.));
#3502=DIRECTION('',(1.,0.,0.));
#3503=DIRECTION('',(0.,0.,1.));
#3504=DIRECTION('',(1.,0.,0.));
#3505=DIRECTION('',(-1.31299082347624E-16,1.,0.));
#3506=DIRECTION('',(-1.,0.,0.));
#3507=DIRECTION('',(-1.31299082347624E-16,1.,0.));
#3508=DIRECTION('',(0.,0.,1.));
#3509=DIRECTION('',(1.,0.,0.));
#3510=DIRECTION('',(-1.,-1.31299082347624E-16,0.));
#3511=DIRECTION('',(0.,0.,1.));
#3512=DIRECTION('',(1.,0.,0.));
#3513=DIRECTION('',(0.,0.,1.));
#3514=DIRECTION('',(1.,0.,0.));
#3515=DIRECTION('',(-1.,-1.31299082347624E-16,0.));
#3516=DIRECTION('',(0.,0.,1.));
#3517=DIRECTION('',(1.,0.,0.));
#3518=DIRECTION('',(0.,-1.,0.));
#3519=DIRECTION('',(0.,0.,1.));
#3520=DIRECTION('',(1.,0.,0.));
#3521=DIRECTION('',(1.,0.,0.));
#3522=DIRECTION('',(0.,0.,1.));
#3523=DIRECTION('',(1.,0.,0.));
#3524=DIRECTION('',(0.,1.,0.));
#3525=DIRECTION('',(0.,0.,1.));
#3526=DIRECTION('',(1.,0.,0.));
#3527=DIRECTION('',(1.,0.,0.));
#3528=DIRECTION('',(0.,0.,1.));
#3529=DIRECTION('',(1.,0.,0.));
#3530=DIRECTION('',(-1.31299082347624E-16,1.,0.));
#3531=DIRECTION('',(0.,0.,1.));
#3532=DIRECTION('',(1.,0.,0.));
#3533=DIRECTION('',(-1.,-1.31299082347624E-16,0.));
#3534=DIRECTION('',(0.,0.,1.));
#3535=DIRECTION('',(1.,0.,0.));
#3536=DIRECTION('',(-1.31299082347624E-16,1.,0.));
#3537=DIRECTION('',(0.,0.,1.));
#3538=DIRECTION('',(1.,0.,0.));
#3539=DIRECTION('',(1.,0.,0.));
#3540=DIRECTION('',(0.,0.,1.));
#3541=DIRECTION('',(1.,0.,0.));
#3542=DIRECTION('',(9.37688365392869E-17,-1.,0.));
#3543=DIRECTION('',(0.,0.,1.));
#3544=DIRECTION('',(1.,0.,0.));
#3545=DIRECTION('',(1.,0.,0.));
#3546=DIRECTION('',(0.,0.,1.));
#3547=DIRECTION('',(1.,0.,0.));
#3548=DIRECTION('',(0.,-1.,0.));
#3549=DIRECTION('',(0.,0.,1.));
#3550=DIRECTION('',(1.,0.,0.));
#3551=DIRECTION('',(0.,0.,1.));
#3552=DIRECTION('',(1.,0.,0.));
#3553=DIRECTION('',(0.,-1.,0.));
#3554=DIRECTION('',(0.,0.,1.));
#3555=DIRECTION('',(1.,0.,0.));
#3556=DIRECTION('',(0.,0.,1.));
#3557=DIRECTION('',(1.,0.,0.));
#3558=DIRECTION('',(0.,0.,1.));
#3559=DIRECTION('',(1.,0.,0.));
#3560=DIRECTION('',(0.,-1.,0.));
#3561=DIRECTION('',(-1.,0.,0.));
#3562=DIRECTION('',(0.,0.,1.));
#3563=DIRECTION('',(1.,0.,0.));
#3564=DIRECTION('',(0.,-1.,0.));
#3565=DIRECTION('',(0.,0.,1.));
#3566=DIRECTION('',(1.,0.,0.));
#3567=DIRECTION('',(-1.,0.,0.));
#3568=DIRECTION('',(0.,0.,1.));
#3569=DIRECTION('',(1.,0.,0.));
#3570=DIRECTION('',(0.,-1.,0.));
#3571=DIRECTION('',(0.,0.,1.));
#3572=DIRECTION('',(1.,0.,0.));
#3573=DIRECTION('',(1.,0.,0.));
#3574=DIRECTION('',(0.,0.,1.));
#3575=DIRECTION('',(1.,0.,0.));
#3576=DIRECTION('',(0.,-1.,0.));
#3577=DIRECTION('',(0.,0.,1.));
#3578=DIRECTION('',(1.,0.,0.));
#3579=DIRECTION('',(1.,0.,0.));
#3580=DIRECTION('',(0.,0.,1.));
#3581=DIRECTION('',(1.,0.,0.));
#3582=DIRECTION('',(5.25673780599032E-17,-1.,0.));
#3583=DIRECTION('',(0.,0.,1.));
#3584=DIRECTION('',(1.,0.,0.));
#3585=DIRECTION('',(-1.,0.,0.));
#3586=DIRECTION('',(0.,0.,1.));
#3587=DIRECTION('',(1.,0.,0.));
#3588=DIRECTION('',(0.,1.,0.));
#3589=DIRECTION('',(0.,0.,1.));
#3590=DIRECTION('',(1.,0.,0.));
#3591=DIRECTION('',(-1.,0.,0.));
#3592=DIRECTION('',(0.,0.,1.));
#3593=DIRECTION('',(1.,0.,0.));
#3594=DIRECTION('',(-2.9522183049299E-16,1.,0.));
#3595=DIRECTION('',(0.,0.,1.));
#3596=DIRECTION('',(1.,0.,0.));
#3597=DIRECTION('',(1.,0.,0.));
#3598=DIRECTION('',(0.,0.,1.));
#3599=DIRECTION('',(1.,0.,0.));
#3600=DIRECTION('',(0.,-1.,0.));
#3601=DIRECTION('',(0.,0.,1.));
#3602=DIRECTION('',(1.,0.,0.));
#3603=DIRECTION('',(-1.,0.,0.));
#3604=DIRECTION('',(0.,0.,-1.));
#3605=DIRECTION('',(-1.,0.,0.));
#3606=DIRECTION('',(0.,0.,1.));
#3607=DIRECTION('',(1.,0.,0.));
#3608=DIRECTION('',(0.,0.,1.));
#3609=DIRECTION('',(1.,0.,0.));
#3610=DIRECTION('',(0.,0.,1.));
#3611=DIRECTION('',(1.,0.,0.));
#3612=DIRECTION('',(0.,0.,1.));
#3613=DIRECTION('',(1.,0.,0.));
#3614=DIRECTION('',(0.,0.,-1.));
#3615=DIRECTION('',(-1.,0.,0.));
#3616=DIRECTION('',(0.,0.,-1.));
#3617=DIRECTION('',(0.,0.,1.));
#3618=DIRECTION('',(1.,0.,0.));
#3619=DIRECTION('',(0.,0.,-1.));
#3620=DIRECTION('',(0.,0.,1.));
#3621=DIRECTION('',(1.,0.,0.));
#3622=DIRECTION('',(0.,0.,1.));
#3623=DIRECTION('',(0.,0.,1.));
#3624=DIRECTION('',(1.,0.,0.));
#3625=DIRECTION('',(0.,0.,-1.));
#3626=DIRECTION('',(0.,0.,-1.));
#3627=DIRECTION('',(-0.707106781186548,0.,-0.707106781186548));
#3628=DIRECTION('',(-0.707106781186548,0.,0.707106781186548));
#3629=DIRECTION('',(0.,-1.,0.));
#3630=DIRECTION('',(-0.707106781186548,0.,0.707106781186548));
#3631=DIRECTION('',(0.,-1.,0.));
#3632=DIRECTION('',(0.707106781186548,0.,-0.707106781186548));
#3633=DIRECTION('',(0.,-1.,0.));
#3634=DIRECTION('',(0.,0.,-1.));
#3635=DIRECTION('',(0.,-1.,0.));
#3636=DIRECTION('',(0.,0.,-1.));
#3637=DIRECTION('',(0.,-1.,0.));
#3638=DIRECTION('',(0.,-1.,0.));
#3639=DIRECTION('',(0.,0.,-1.));
#3640=DIRECTION('',(0.,0.,-1.));
#3641=DIRECTION('',(-1.,0.,0.));
#3642=DIRECTION('',(-1.,0.,0.));
#3643=DIRECTION('',(0.,-1.,0.));
#3644=DIRECTION('',(1.,0.,0.));
#3645=DIRECTION('',(0.,-1.,0.));
#3646=DIRECTION('',(0.,0.,-1.));
#3647=DIRECTION('',(0.,-1.,0.));
#3648=DIRECTION('',(0.,0.,-1.));
#3649=DIRECTION('',(0.,-1.,0.));
#3650=DIRECTION('',(0.,-1.,0.));
#3651=DIRECTION('',(0.,0.,-1.));
#3652=DIRECTION('',(0.707106781186546,0.,-0.707106781186549));
#3653=DIRECTION('',(-0.707106781186549,0.,-0.707106781186546));
#3654=DIRECTION('',(-0.707106781186549,0.,-0.707106781186546));
#3655=DIRECTION('',(0.,-1.,0.));
#3656=DIRECTION('',(0.707106781186549,0.,0.707106781186546));
#3657=DIRECTION('',(0.,-1.,0.));
#3658=DIRECTION('',(0.,0.,-1.));
#3659=DIRECTION('',(0.,-1.,0.));
#3660=DIRECTION('',(0.,0.,-1.));
#3661=DIRECTION('',(0.,-1.,0.));
#3662=DIRECTION('',(0.,-1.,0.));
#3663=DIRECTION('',(0.,0.,-1.));
#3664=DIRECTION('',(-1.,0.,-8.67361737988424E-15));
#3665=DIRECTION('',(-8.67361737988424E-15,0.,1.));
#3666=DIRECTION('',(8.67361737988424E-15,0.,-1.));
#3667=DIRECTION('',(0.,-1.,0.));
#3668=DIRECTION('',(8.67361737988424E-15,0.,-1.));
#3669=DIRECTION('',(0.,-1.,0.));
#3670=DIRECTION('',(0.,0.,-1.));
#3671=DIRECTION('',(0.,-1.,0.));
#3672=DIRECTION('',(0.,0.,-1.));
#3673=DIRECTION('',(0.,-1.,0.));
#3674=DIRECTION('',(0.,-1.,0.));
#3675=DIRECTION('',(0.,0.,-1.));
#3676=DIRECTION('',(0.,0.,-1.));
#3677=DIRECTION('',(-1.,0.,0.));
#3678=DIRECTION('',(1.,0.,0.));
#3679=DIRECTION('',(0.,-1.,0.));
#3680=DIRECTION('',(1.,0.,0.));
#3681=DIRECTION('',(0.,-1.,0.));
#3682=DIRECTION('',(0.,0.,-1.));
#3683=DIRECTION('',(0.,-1.,0.));
#3684=DIRECTION('',(0.,0.,-1.));
#3685=DIRECTION('',(0.,-1.,0.));
#3686=DIRECTION('',(0.,-1.,0.));
#3687=DIRECTION('',(0.,0.,-1.));
#3688=DIRECTION('',(1.,0.,0.));
#3689=DIRECTION('',(0.,0.,-1.));
#3690=DIRECTION('',(0.,0.,1.));
#3691=DIRECTION('',(0.,-1.,0.));
#3692=DIRECTION('',(0.,0.,1.));
#3693=DIRECTION('',(0.,-1.,0.));
#3694=DIRECTION('',(0.,0.,-1.));
#3695=DIRECTION('',(0.,-1.,0.));
#3696=DIRECTION('',(0.,0.,-1.));
#3697=DIRECTION('',(0.,-1.,0.));
#3698=DIRECTION('',(0.,0.,-1.));
#3699=DIRECTION('',(1.,0.,0.));
#3700=DIRECTION('',(0.,0.,-1.));
#3701=DIRECTION('',(0.,0.,-1.));
#3702=DIRECTION('',(-1.,0.,0.));
#3703=DIRECTION('',(0.,0.,1.));
#3704=DIRECTION('',(0.,-1.,0.));
#3705=DIRECTION('',(0.,0.,1.));
#3706=DIRECTION('',(0.,-1.,0.));
#3707=DIRECTION('',(1.,0.,0.));
#3708=DIRECTION('',(0.,0.,-1.));
#3709=DIRECTION('',(1.,0.,0.));
#3710=DIRECTION('',(0.,0.,-1.));
#3711=DIRECTION('',(1.,0.,0.));
#3712=DIRECTION('',(0.,0.,-1.));
#3713=DIRECTION('',(1.,0.,0.));
#3714=DIRECTION('',(0.,0.,-1.));
#3715=DIRECTION('',(-1.,0.,0.));
#3716=DIRECTION('',(0.,0.,1.));
#3717=DIRECTION('',(0.,0.,1.));
#3718=DIRECTION('',(-1.,0.,0.));
#3719=DIRECTION('',(0.,0.,1.));
#3720=DIRECTION('',(0.,-1.,0.));
#3721=DIRECTION('',(-1.,0.,0.));
#3722=DIRECTION('',(0.,0.,1.));
#3723=DIRECTION('',(0.,0.,-1.));
#3724=DIRECTION('',(0.,-1.,0.));
#3725=DIRECTION('',(0.,0.,-1.));
#3726=DIRECTION('',(0.,-1.,0.));
#3727=DIRECTION('',(0.,0.,-1.));
#3728=DIRECTION('',(1.,0.,0.));
#3729=DIRECTION('',(0.,0.,-1.));
#3730=DIRECTION('',(-1.,0.,0.));
#3731=DIRECTION('',(0.,0.,1.));
#3732=DIRECTION('',(-1.,0.,0.));
#3733=DIRECTION('',(0.,0.,1.));
#3734=DIRECTION('',(-1.,0.,0.));
#3735=DIRECTION('',(0.,0.,1.));
#3736=DIRECTION('',(-1.,0.,0.));
#3737=DIRECTION('',(0.,0.,1.));
#3738=DIRECTION('',(0.,0.,-1.));
#3739=DIRECTION('',(0.,-1.,0.));
#3740=DIRECTION('',(0.,0.,-1.));
#3741=DIRECTION('',(0.,0.,-1.));
#3742=DIRECTION('',(-1.,0.,0.));
#3743=DIRECTION('',(0.,0.,1.));
#3744=DIRECTION('',(0.,-1.,0.));
#3745=DIRECTION('',(-1.,0.,0.));
#3746=DIRECTION('',(0.,0.,1.));
#3747=DIRECTION('',(0.,0.,1.));
#3748=DIRECTION('',(-1.,0.,0.));
#3749=DIRECTION('',(0.,0.,1.));
#3750=DIRECTION('',(0.,-1.,0.));
#3751=DIRECTION('',(0.,1.,0.));
#3752=DIRECTION('',(0.,0.,1.));
#3753=DIRECTION('',(0.,0.,-1.));
#3754=DIRECTION('',(1.,0.,0.));
#3755=DIRECTION('',(0.,0.,-1.));
#3756=DIRECTION('',(-1.,0.,0.));
#3757=DIRECTION('',(0.,1.,0.));
#3758=DIRECTION('',(0.,0.,1.));
#3759=DIRECTION('',(9.63735264431559E-17,0.,1.));
#3760=DIRECTION('',(0.,1.,0.));
#3761=DIRECTION('',(0.,0.,1.));
#3762=DIRECTION('',(-1.,0.,0.));
#3763=DIRECTION('',(0.,1.,0.));
#3764=DIRECTION('',(0.,0.,1.));
#3765=DIRECTION('',(0.,0.,1.));
#3766=DIRECTION('',(0.,1.,0.));
#3767=DIRECTION('',(0.,0.,1.));
#3768=DIRECTION('',(0.,1.,0.));
#3769=DIRECTION('',(0.,0.,1.));
#3770=DIRECTION('',(0.,0.,-1.));
#3771=DIRECTION('',(1.,0.,0.));
#3772=DIRECTION('',(0.,0.,-1.));
#3773=DIRECTION('',(0.,0.,-1.));
#3774=DIRECTION('',(1.,0.,0.));
#3775=DIRECTION('',(0.,1.,0.));
#3776=DIRECTION('',(0.,0.,1.));
#3777=DIRECTION('',(-1.,0.,0.));
#3778=DIRECTION('',(0.,0.,-1.));
#3779=DIRECTION('',(0.,0.,-1.));
#3780=DIRECTION('',(1.,0.,0.));
#3781=DIRECTION('',(0.,1.,0.));
#3782=DIRECTION('',(0.,0.,1.));
#3783=DIRECTION('',(-3.82659590289002E-16,0.,1.));
#3784=DIRECTION('',(0.,1.,0.));
#3785=DIRECTION('',(0.,0.,1.));
#3786=DIRECTION('',(1.,0.,0.));
#3787=DIRECTION('',(0.,1.,0.));
#3788=DIRECTION('',(0.,0.,1.));
#3789=DIRECTION('',(0.,0.,-1.));
#3790=DIRECTION('',(0.,1.,0.));
#3791=DIRECTION('',(0.,0.,1.));
#3792=DIRECTION('',(1.,0.,0.));
#3793=DIRECTION('',(0.,0.,-1.));
#3794=DIRECTION('',(1.,0.,0.));
#3795=DIRECTION('',(0.,0.,1.));
#3796=DIRECTION('',(0.,0.,-1.));
#3797=DIRECTION('',(1.,0.,0.));
#3798=DIRECTION('',(0.,0.,-1.));
#3799=DIRECTION('',(0.,0.,1.));
#3800=DIRECTION('',(1.,0.,0.));
#3801=DIRECTION('',(0.,0.,1.));
#3802=DIRECTION('',(1.,0.,0.));
#3803=DIRECTION('',(0.,0.,1.));
#3804=DIRECTION('',(1.,0.,0.));
#3805=DIRECTION('',(0.,0.,-1.));
#3806=DIRECTION('',(0.,0.,1.));
#3807=DIRECTION('',(1.,0.,0.));
#3808=DIRECTION('',(0.,0.,1.));
#3809=DIRECTION('',(1.,0.,0.));
#3810=DIRECTION('',(0.,0.,1.));
#3811=DIRECTION('',(1.,0.,0.));
#3812=DIRECTION('',(1.,5.25673780599032E-17,0.));
#3813=DIRECTION('',(-5.25673780599033E-17,1.,0.));
#3814=DIRECTION('',(1.,5.25673780599032E-17,0.));
#3815=DIRECTION('',(-5.25673780599033E-17,1.,0.));
#3816=DIRECTION('',(1.,5.25673780599032E-17,0.));
#3817=DIRECTION('',(-5.25673780599033E-17,1.,0.));
#3818=DIRECTION('',(1.,5.25673780599032E-17,0.));
#3819=DIRECTION('',(-5.25673780599033E-17,1.,0.));
#3820=DIRECTION('',(5.25673780599032E-17,-1.,0.));
#3821=DIRECTION('',(5.25673780599032E-17,-1.,0.));
#3822=DIRECTION('',(0.,0.,-1.));
#3823=DIRECTION('',(0.,0.,-1.));
#3824=DIRECTION('',(0.,0.,-1.));
#3825=DIRECTION('',(-1.,0.,0.));
#3826=DIRECTION('',(0.,0.,1.));
#3827=DIRECTION('',(1.,0.,0.));
#3828=DIRECTION('',(0.,0.,-1.));
#3829=DIRECTION('',(-1.,0.,0.));
#3830=DIRECTION('',(0.,0.,1.));
#3831=DIRECTION('',(1.,0.,0.));
#3832=DIRECTION('',(0.,0.,-1.));
#3833=DIRECTION('',(0.,0.,1.));
#3834=DIRECTION('',(1.,0.,0.));
#3835=DIRECTION('',(0.,0.,1.));
#3836=DIRECTION('',(1.,0.,0.));
#3837=DIRECTION('',(0.,0.,1.));
#3838=DIRECTION('',(1.,0.,0.));
#3839=DIRECTION('',(0.,0.,1.));
#3840=DIRECTION('',(1.,0.,0.));
#3841=DIRECTION('',(0.,0.,1.));
#3842=DIRECTION('',(1.,0.,0.));
#3843=DIRECTION('',(0.,0.,-1.));
#3844=DIRECTION('',(-1.,0.,0.));
#3845=DIRECTION('',(0.,0.,1.));
#3846=DIRECTION('',(1.,0.,0.));
#3847=DIRECTION('',(0.,0.,1.));
#3848=DIRECTION('',(1.,0.,0.));
#3849=DIRECTION('',(0.,0.,1.));
#3850=DIRECTION('',(1.,0.,0.));
#3851=DIRECTION('',(0.,-1.,0.));
#3852=DIRECTION('',(0.,0.,1.));
#3853=DIRECTION('',(1.,0.,0.));
#3854=DIRECTION('',(1.,0.,0.));
#3855=DIRECTION('',(0.,0.,1.));
#3856=DIRECTION('',(1.,0.,0.));
#3857=DIRECTION('',(9.37688365392869E-17,-1.,0.));
#3858=DIRECTION('',(0.,0.,1.));
#3859=DIRECTION('',(1.,0.,0.));
#3860=DIRECTION('',(1.,0.,0.));
#3861=DIRECTION('',(0.,0.,1.));
#3862=DIRECTION('',(1.,0.,0.));
#3863=DIRECTION('',(0.,-1.,0.));
#3864=DIRECTION('',(0.,0.,1.));
#3865=DIRECTION('',(1.,0.,0.));
#3866=DIRECTION('',(0.,0.,1.));
#3867=DIRECTION('',(1.,0.,0.));
#3868=DIRECTION('',(-1.,0.,0.));
#3869=DIRECTION('',(0.,0.,1.));
#3870=DIRECTION('',(1.,0.,0.));
#3871=DIRECTION('',(0.,0.,-1.));
#3872=DIRECTION('',(-1.,0.,0.));
#3873=DIRECTION('',(0.,0.,-1.));
#3874=DIRECTION('',(0.,0.,1.));
#3875=DIRECTION('',(1.,0.,0.));
#3876=DIRECTION('',(0.,0.,-1.));
#3877=DIRECTION('',(0.,0.,-1.));
#3878=DIRECTION('',(-1.,0.,0.));
#3879=DIRECTION('',(0.,0.,1.));
#3880=DIRECTION('',(1.,0.,0.));
#3881=DIRECTION('',(0.,0.,1.));
#3882=DIRECTION('',(1.,0.,0.));
#3883=DIRECTION('',(0.,0.,-1.));
#3884=DIRECTION('',(-1.,0.,0.));
#3885=DIRECTION('',(0.,0.,-1.));
#3886=DIRECTION('',(-1.,0.,0.));
#3887=DIRECTION('',(0.,0.,1.));
#3888=DIRECTION('',(1.,0.,0.));
#3889=DIRECTION('',(0.,0.,1.));
#3890=DIRECTION('',(1.,0.,0.));
#3891=DIRECTION('',(0.,0.,-1.));
#3892=DIRECTION('',(-1.,0.,0.));
#3893=DIRECTION('',(0.,0.,1.));
#3894=DIRECTION('',(1.,0.,0.));
#3895=DIRECTION('',(0.,0.,-1.));
#3896=DIRECTION('',(-1.,0.,0.));
#3897=DIRECTION('',(-1.,0.,0.));
#3898=DIRECTION('',(0.,0.,1.));
#3899=DIRECTION('',(1.,0.,0.));
#3900=DIRECTION('',(0.,0.,1.));
#3901=DIRECTION('',(1.,0.,0.));
#3902=DIRECTION('',(0.,-1.,0.));
#3903=DIRECTION('',(0.,0.,1.));
#3904=DIRECTION('',(1.,0.,0.));
#3905=DIRECTION('',(1.,0.,0.));
#3906=DIRECTION('',(0.,0.,1.));
#3907=DIRECTION('',(1.,0.,0.));
#3908=DIRECTION('',(0.,-1.,0.));
#3909=DIRECTION('',(1.,9.37688365392869E-17,0.));
#3910=DIRECTION('',(-9.37688365392869E-17,1.,0.));
#3911=DIRECTION('',(1.,9.37688365392869E-17,0.));
#3912=DIRECTION('',(-9.37688365392869E-17,1.,0.));
#3913=DIRECTION('',(1.,9.37688365392869E-17,0.));
#3914=DIRECTION('',(-9.37688365392869E-17,1.,0.));
#3915=DIRECTION('',(1.,9.37688365392869E-17,0.));
#3916=DIRECTION('',(-9.37688365392869E-17,1.,0.));
#3917=DIRECTION('',(9.37688365392869E-17,-1.,0.));
#3918=DIRECTION('',(0.,0.,-1.));
#3919=DIRECTION('',(0.,0.,1.));
#3920=DIRECTION('',(1.,0.,0.));
#3921=DIRECTION('',(0.,0.,-1.));
#3922=DIRECTION('',(-1.,0.,0.));
#3923=DIRECTION('',(0.,0.,-1.));
#3924=DIRECTION('',(-1.,0.,0.));
#3925=DIRECTION('',(0.,0.,1.));
#3926=DIRECTION('',(1.,0.,0.));
#3927=DIRECTION('',(0.,0.,-1.));
#3928=DIRECTION('',(-1.,0.,0.));
#3929=DIRECTION('',(0.,0.,-1.));
#3930=DIRECTION('',(-1.,0.,0.));
#3931=DIRECTION('',(0.,0.,1.));
#3932=DIRECTION('',(1.,0.,0.));
#3933=DIRECTION('',(0.,0.,-1.));
#3934=DIRECTION('',(-1.,0.,0.));
#3935=DIRECTION('',(0.,0.,-1.));
#3936=DIRECTION('',(-1.,0.,0.));
#3937=DIRECTION('',(0.,0.,-1.));
#3938=DIRECTION('',(-1.,0.,0.));
#3939=DIRECTION('',(0.,0.,1.));
#3940=DIRECTION('',(1.,0.,0.));
#3941=DIRECTION('',(0.,0.,-1.));
#3942=DIRECTION('',(-1.,0.,0.));
#3943=DIRECTION('',(0.,0.,1.));
#3944=DIRECTION('',(1.,0.,0.));
#3945=DIRECTION('',(0.,0.,1.));
#3946=DIRECTION('',(1.,0.,0.));
#3947=DIRECTION('',(0.,0.,1.));
#3948=DIRECTION('',(1.,0.,0.));
#3949=DIRECTION('',(0.,0.,-1.));
#3950=DIRECTION('',(0.,0.,1.));
#3951=DIRECTION('',(1.,0.,0.));
#3952=DIRECTION('',(-1.,0.,0.));
#3953=DIRECTION('',(0.,0.,1.));
#3954=DIRECTION('',(0.,1.,0.));
#3955=DIRECTION('',(0.,0.,1.));
#3956=DIRECTION('',(1.,0.,0.));
#3957=DIRECTION('',(0.,0.,-1.));
#3958=DIRECTION('',(1.,0.,0.));
#3959=DIRECTION('',(-1.,0.,0.));
#3960=DIRECTION('',(0.,0.,1.));
#3961=DIRECTION('',(-9.37688365392869E-17,1.,0.));
#3962=DIRECTION('',(-1.,-9.37688365392869E-17,0.));
#3963=DIRECTION('',(0.,1.,0.));
#3964=DIRECTION('',(0.,0.,1.));
#3965=DIRECTION('',(0.,0.,1.));
#3966=DIRECTION('',(1.,0.,0.));
#3967=DIRECTION('',(0.,1.,0.));
#3968=DIRECTION('',(0.,0.,1.));
#3969=DIRECTION('',(0.,0.,1.));
#3970=DIRECTION('',(1.,0.,0.));
#3971=DIRECTION('',(-1.,0.,0.));
#3972=DIRECTION('',(0.,0.,1.));
#3973=DIRECTION('',(0.,-1.,0.));
#3974=DIRECTION('',(0.,0.,-1.));
#3975=DIRECTION('',(0.,1.,0.));
#3976=DIRECTION('',(0.,0.,1.));
#3977=DIRECTION('',(-1.,0.,0.));
#3978=DIRECTION('',(0.,0.,1.));
#3979=DIRECTION('',(-1.,0.,0.));
#3980=DIRECTION('',(0.,0.,1.));
#3981=DIRECTION('',(0.,0.,1.));
#3982=DIRECTION('',(1.,0.,0.));
#3983=DIRECTION('',(1.,0.,0.));
#3984=DIRECTION('',(0.,0.,-1.));
#3985=DIRECTION('',(0.,0.,-1.));
#3986=DIRECTION('',(0.,-1.,0.));
#3987=DIRECTION('',(0.,0.,-1.));
#3988=DIRECTION('',(0.,0.,-1.));
#3989=DIRECTION('',(1.,0.,0.));
#3990=DIRECTION('',(0.,0.,-1.));
#3991=DIRECTION('',(0.,0.,-1.));
#3992=DIRECTION('',(0.,0.,-1.));
#3993=DIRECTION('',(0.,0.,-1.));
#3994=DIRECTION('',(-1.,0.,0.));
#3995=DIRECTION('',(0.,0.,-1.));
#3996=DIRECTION('',(0.,1.,0.));
#3997=DIRECTION('',(0.,0.,1.));
#3998=DIRECTION('',(0.,0.,-1.));
#3999=DIRECTION('',(0.,0.,-1.));
#4000=DIRECTION('',(-1.,0.,0.));
#4001=DIRECTION('',(0.,-1.,0.));
#4002=DIRECTION('',(0.,0.,-1.));
#4003=DIRECTION('',(0.,0.,-1.));
#4004=DIRECTION('',(-1.,0.,0.));
#4005=DIRECTION('',(0.,0.,-1.));
#4006=DIRECTION('',(-1.,-2.9522183049299E-16,0.));
#4007=DIRECTION('',(2.9522183049299E-16,-1.,0.));
#4008=DIRECTION('',(-2.9522183049299E-16,1.,0.));
#4009=DIRECTION('',(0.,0.,-1.));
#4010=DIRECTION('',(0.,0.,-1.));
#4011=DIRECTION('',(0.,0.,-1.));
#4012=DIRECTION('',(-1.,0.,0.));
#4013=DIRECTION('',(0.,0.,-1.));
#4014=DIRECTION('',(0.,0.,1.));
#4015=DIRECTION('',(1.,0.,0.));
#4016=DIRECTION('',(0.,-1.,0.));
#4017=DIRECTION('',(0.,0.,-1.));
#4018=DIRECTION('',(0.,0.,-1.));
#4019=DIRECTION('',(-1.,0.,0.));
#4020=DIRECTION('',(0.,0.,-1.));
#4021=DIRECTION('',(-1.,0.,0.));
#4022=DIRECTION('',(0.,0.,-1.));
#4023=DIRECTION('',(0.,0.,1.));
#4024=DIRECTION('',(1.,0.,0.));
#4025=DIRECTION('',(-1.,0.,0.));
#4026=DIRECTION('',(0.,0.,1.));
#4027=DIRECTION('',(0.,0.,-1.));
#4028=DIRECTION('',(0.,1.,0.));
#4029=DIRECTION('',(0.,0.,-1.));
#4030=DIRECTION('',(-1.,0.,0.));
#4031=DIRECTION('',(0.,0.,1.));
#4032=DIRECTION('',(1.,0.,0.));
#4033=DIRECTION('',(0.,0.,1.));
#4034=DIRECTION('',(1.,0.,0.));
#4035=DIRECTION('',(0.,0.,1.));
#4036=DIRECTION('',(1.,0.,0.));
#4037=DIRECTION('',(0.,0.,1.));
#4038=DIRECTION('',(1.,0.,0.));
#4039=DIRECTION('',(0.,0.,-1.));
#4040=DIRECTION('',(-1.,0.,0.));
#4041=DIRECTION('',(0.,0.,-1.));
#4042=DIRECTION('',(-1.,0.,0.));
#4043=DIRECTION('',(0.,0.,-1.));
#4044=DIRECTION('',(-1.,0.,0.));
#4045=DIRECTION('',(0.,0.,1.));
#4046=DIRECTION('',(1.,0.,0.));
#4047=DIRECTION('',(-1.,0.,0.));
#4048=DIRECTION('',(0.,0.,1.));
#4049=DIRECTION('',(0.,0.,1.));
#4050=DIRECTION('',(0.,0.,1.));
#4051=DIRECTION('',(0.,1.,0.));
#4052=DIRECTION('',(0.,0.,1.));
#4053=DIRECTION('',(0.,0.,-1.));
#4054=DIRECTION('',(-1.,0.,0.));
#4055=DIRECTION('',(0.,0.,-1.));
#4056=DIRECTION('',(0.,0.,1.));
#4057=DIRECTION('',(0.,0.,1.));
#4058=DIRECTION('',(0.,0.,-1.));
#4059=DIRECTION('',(-1.,0.,0.));
#4060=DIRECTION('',(0.,0.,-1.));
#4061=DIRECTION('',(-1.,0.,0.));
#4062=DIRECTION('',(0.,0.,1.));
#4063=DIRECTION('',(1.,0.,0.));
#4064=DIRECTION('',(0.,0.,1.));
#4065=DIRECTION('',(1.,0.,0.));
#4066=DIRECTION('',(0.,0.,1.));
#4067=DIRECTION('',(1.,0.,0.));
#4068=DIRECTION('',(0.,0.,1.));
#4069=DIRECTION('',(1.,0.,0.));
#4070=DIRECTION('',(0.,0.,1.));
#4071=DIRECTION('',(1.,0.,0.));
#4072=DIRECTION('',(0.,0.,1.));
#4073=DIRECTION('',(1.,0.,0.));
#4074=DIRECTION('',(-1.,0.,0.));
#4075=DIRECTION('',(0.,0.,1.));
#4076=DIRECTION('',(-1.,0.,0.));
#4077=DIRECTION('',(0.,0.,1.));
#4078=DIRECTION('',(-1.,0.,0.));
#4079=DIRECTION('',(0.,-1.,0.));
#4080=DIRECTION('',(-1.,0.,0.));
#4081=DIRECTION('',(0.,0.,1.));
#4082=DIRECTION('',(-1.,0.,0.));
#4083=DIRECTION('',(0.,0.,1.));
#4084=DIRECTION('',(-1.,0.,0.));
#4085=DIRECTION('',(0.,0.,1.));
#4086=DIRECTION('',(-1.,0.,0.));
#4087=DIRECTION('',(0.,-1.,0.));
#4088=DIRECTION('',(-1.,0.,0.));
#4089=DIRECTION('',(0.,0.,1.));
#4090=DIRECTION('',(-1.,0.,0.));
#4091=DIRECTION('',(0.,0.,1.));
#4092=DIRECTION('',(-1.,0.,0.));
#4093=DIRECTION('',(0.,0.,1.));
#4094=DIRECTION('',(-1.,0.,0.));
#4095=DIRECTION('',(0.,-1.,0.));
#4096=DIRECTION('',(-1.,0.,0.));
#4097=DIRECTION('',(0.,0.,1.));
#4098=DIRECTION('',(1.,9.37688365392869E-17,0.));
#4099=DIRECTION('',(-9.37688365392869E-17,1.,0.));
#4100=DIRECTION('',(1.,9.37688365392869E-17,0.));
#4101=DIRECTION('',(-9.37688365392869E-17,1.,0.));
#4102=DIRECTION('',(1.,9.37688365392869E-17,0.));
#4103=DIRECTION('',(-9.37688365392869E-17,1.,0.));
#4104=DIRECTION('',(1.,9.37688365392869E-17,0.));
#4105=DIRECTION('',(-9.37688365392869E-17,1.,0.));
#4106=DIRECTION('',(1.,9.37688365392869E-17,0.));
#4107=DIRECTION('',(-9.37688365392869E-17,1.,0.));
#4108=DIRECTION('',(1.,9.37688365392869E-17,0.));
#4109=DIRECTION('',(-9.37688365392869E-17,1.,0.));
#4110=DIRECTION('',(1.,9.37688365392869E-17,0.));
#4111=DIRECTION('',(-9.37688365392869E-17,1.,0.));
#4112=DIRECTION('',(1.,9.37688365392869E-17,0.));
#4113=DIRECTION('',(-9.37688365392869E-17,1.,0.));
#4114=DIRECTION('',(1.,9.37688365392869E-17,0.));
#4115=DIRECTION('',(-9.37688365392869E-17,1.,0.));
#4116=DIRECTION('',(1.,9.37688365392869E-17,0.));
#4117=DIRECTION('',(-9.37688365392869E-17,1.,0.));
#4118=DIRECTION('',(1.,9.37688365392869E-17,0.));
#4119=DIRECTION('',(-9.37688365392869E-17,1.,0.));
#4120=DIRECTION('',(1.,9.37688365392869E-17,0.));
#4121=DIRECTION('',(-9.37688365392869E-17,1.,0.));
#4122=DIRECTION('',(1.,9.37688365392869E-17,0.));
#4123=DIRECTION('',(-9.37688365392869E-17,1.,0.));
#4124=DIRECTION('',(1.,0.,0.));
#4125=DIRECTION('',(0.,0.,-1.));
#4126=DIRECTION('',(1.,9.37688365392869E-17,0.));
#4127=DIRECTION('',(-9.37688365392869E-17,1.,0.));
#4128=DIRECTION('',(1.,0.,0.));
#4129=DIRECTION('',(0.,0.,-1.));
#4130=DIRECTION('',(1.,9.37688365392869E-17,0.));
#4131=DIRECTION('',(-9.37688365392869E-17,1.,0.));
#4132=DIRECTION('',(1.,0.,0.));
#4133=DIRECTION('',(0.,0.,-1.));
#4134=DIRECTION('',(1.,9.37688365392869E-17,0.));
#4135=DIRECTION('',(-9.37688365392869E-17,1.,0.));
#4136=DIRECTION('',(-1.,0.,0.));
#4137=DIRECTION('',(0.,0.,1.));
#4138=DIRECTION('',(1.,9.37688365392869E-17,0.));
#4139=DIRECTION('',(-9.37688365392869E-17,1.,0.));
#4140=DIRECTION('',(-1.,0.,0.));
#4141=DIRECTION('',(0.,0.,1.));
#4142=DIRECTION('',(1.,9.37688365392869E-17,0.));
#4143=DIRECTION('',(-9.37688365392869E-17,1.,0.));
#4144=DIRECTION('',(-1.,0.,0.));
#4145=DIRECTION('',(0.,0.,1.));
#4146=DIRECTION('',(-1.31299082347624E-16,1.,0.));
#4147=DIRECTION('',(-1.,-1.31299082347624E-16,0.));
#4148=DIRECTION('',(-1.,-1.31299082347624E-16,0.));
#4149=DIRECTION('',(0.,0.,1.));
#4150=DIRECTION('',(0.,0.,1.));
#4151=DIRECTION('',(0.,0.,1.));
#4152=DIRECTION('',(1.,0.,0.));
#4153=DIRECTION('',(0.,0.,1.));
#4154=DIRECTION('',(0.,0.,1.));
#4155=DIRECTION('',(1.,0.,0.));
#4156=DIRECTION('',(1.,0.,0.));
#4157=DIRECTION('',(0.,0.,-1.));
#4158=DIRECTION('',(0.,0.,1.));
#4159=DIRECTION('',(0.,1.,0.));
#4160=DIRECTION('',(0.,0.,1.));
#4161=DIRECTION('',(1.,0.,0.));
#4162=DIRECTION('',(0.,0.,1.));
#4163=DIRECTION('',(0.,0.,1.));
#4164=DIRECTION('',(1.,0.,0.));
#4165=DIRECTION('',(0.,-1.,0.));
#4166=DIRECTION('',(0.,0.,-1.));
#4167=DIRECTION('',(0.,0.,1.));
#4168=DIRECTION('',(1.,0.,0.));
#4169=DIRECTION('',(0.,0.,1.));
#4170=DIRECTION('',(1.,0.,0.));
#4171=DIRECTION('',(0.,0.,1.));
#4172=DIRECTION('',(0.,0.,1.));
#4173=DIRECTION('',(1.,0.,0.));
#4174=DIRECTION('',(-1.,0.,0.));
#4175=DIRECTION('',(0.,0.,1.));
#4176=DIRECTION('',(0.,0.,1.));
#4177=DIRECTION('',(0.,-1.,0.));
#4178=DIRECTION('',(0.,0.,1.));
#4179=DIRECTION('',(1.,0.,0.));
#4180=DIRECTION('',(0.,0.,1.));
#4181=DIRECTION('',(1.,0.,0.));
#4182=DIRECTION('',(0.,0.,1.));
#4183=DIRECTION('',(1.,0.,0.));
#4184=DIRECTION('',(0.,0.,-1.));
#4185=DIRECTION('',(-1.,0.,0.));
#4186=DIRECTION('',(1.,0.,-9.63735264431559E-17));
#4187=DIRECTION('',(-9.63735264431559E-17,0.,-1.));
#4188=DIRECTION('',(1.,0.,-9.63735264431559E-17));
#4189=DIRECTION('',(-9.63735264431559E-17,0.,-1.));
#4190=DIRECTION('',(0.,-1.,0.));
#4191=DIRECTION('',(1.,0.,-9.63735264431559E-17));
#4192=DIRECTION('',(-9.63735264431559E-17,0.,-1.));
#4193=DIRECTION('',(0.,-1.,0.));
#4194=DIRECTION('',(0.,0.,1.));
#4195=DIRECTION('',(1.,0.,0.));
#4196=DIRECTION('',(0.,-1.,0.));
#4197=DIRECTION('',(-1.,0.,0.));
#4198=DIRECTION('',(0.,-1.,0.));
#4199=DIRECTION('',(1.,0.,0.));
#4200=DIRECTION('',(0.,0.,-1.));
#4201=DIRECTION('',(1.,0.,-9.63735264431559E-17));
#4202=DIRECTION('',(-9.63735264431559E-17,0.,-1.));
#4203=DIRECTION('',(1.,0.,0.));
#4204=DIRECTION('',(0.,0.,-1.));
#4205=DIRECTION('',(0.,-1.,0.));
#4206=DIRECTION('',(0.,-1.,0.));
#4207=DIRECTION('',(0.,0.,1.));
#4208=DIRECTION('',(1.,0.,0.));
#4209=DIRECTION('',(-1.,0.,0.));
#4210=DIRECTION('',(0.,-1.,0.));
#4211=DIRECTION('',(0.,-1.,0.));
#4212=DIRECTION('',(1.,0.,-9.63735264431559E-17));
#4213=DIRECTION('',(-9.63735264431559E-17,0.,-1.));
#4214=DIRECTION('',(-1.,0.,0.));
#4215=DIRECTION('',(0.,0.,1.));
#4216=DIRECTION('',(1.,0.,0.));
#4217=DIRECTION('',(0.,0.,-1.));
#4218=DIRECTION('',(1.,0.,-9.63735264431559E-17));
#4219=DIRECTION('',(-9.63735264431559E-17,0.,-1.));
#4220=DIRECTION('',(1.,0.,0.));
#4221=DIRECTION('',(0.,0.,-1.));
#4222=DIRECTION('',(1.,0.,0.));
#4223=DIRECTION('',(0.,0.,-1.));
#4224=DIRECTION('',(1.,0.,0.));
#4225=DIRECTION('',(0.,0.,-1.));
#4226=DIRECTION('',(-1.,0.,0.));
#4227=DIRECTION('',(0.,0.,1.));
#4228=DIRECTION('',(-1.,0.,0.));
#4229=DIRECTION('',(0.,0.,1.));
#4230=DIRECTION('',(-1.,0.,0.));
#4231=DIRECTION('',(0.,0.,1.));
#4232=DIRECTION('',(0.,1.,0.));
#4233=DIRECTION('',(0.,0.,1.));
#4234=DIRECTION('',(0.,1.,0.));
#4235=DIRECTION('',(0.,0.,1.));
#4236=DIRECTION('',(1.,0.,0.));
#4237=DIRECTION('',(0.,0.,-1.));
#4238=DIRECTION('',(0.,-1.,0.));
#4239=DIRECTION('',(0.,0.,-1.));
#4240=DIRECTION('',(0.,-1.,0.));
#4241=DIRECTION('',(0.,0.,-1.));
#4242=DIRECTION('',(0.,-1.,0.));
#4243=DIRECTION('',(0.,0.,-1.));
#4244=DIRECTION('',(0.,1.,0.));
#4245=DIRECTION('',(0.,0.,1.));
#4246=DIRECTION('',(1.,0.,-9.63735264431559E-17));
#4247=DIRECTION('',(-9.63735264431559E-17,0.,-1.));
#4248=DIRECTION('',(0.,-1.,0.));
#4249=DIRECTION('',(0.,0.,-1.));
#4250=DIRECTION('',(0.,1.,0.));
#4251=DIRECTION('',(0.,0.,1.));
#4252=DIRECTION('',(0.,0.,-1.));
#4253=DIRECTION('',(-1.,0.,0.));
#4254=DIRECTION('',(0.,0.,-1.));
#4255=DIRECTION('',(-1.,0.,0.));
#4256=DIRECTION('',(-1.,0.,0.));
#4257=DIRECTION('',(-1.,0.,0.));
#4258=DIRECTION('',(-1.,0.,0.));
#4259=DIRECTION('',(0.,0.,1.));
#4260=DIRECTION('',(-1.,0.,0.));
#4261=DIRECTION('',(0.,1.,0.));
#4262=DIRECTION('',(0.,0.,1.));
#4263=DIRECTION('',(-1.,0.,0.));
#4264=DIRECTION('',(-1.,0.,0.));
#4265=DIRECTION('',(0.,0.,1.));
#4266=DIRECTION('',(-1.,0.,0.));
#4267=DIRECTION('',(0.,0.,-1.));
#4268=DIRECTION('',(-1.,0.,0.));
#4269=DIRECTION('',(-1.,0.,0.));
#4270=DIRECTION('',(-1.,0.,0.));
#4271=DIRECTION('',(0.,0.,1.));
#4272=DIRECTION('',(-1.,0.,0.));
#4273=DIRECTION('',(0.,-1.,0.));
#4274=DIRECTION('',(0.,0.,-1.));
#4275=DIRECTION('',(-1.,0.,0.));
#4276=DIRECTION('',(-1.,0.,0.));
#4277=DIRECTION('',(0.,0.,1.));
#4278=DIRECTION('',(0.,0.,-1.));
#4279=DIRECTION('',(-1.,0.,0.));
#4280=DIRECTION('',(0.,-1.,0.));
#4281=DIRECTION('',(-1.,0.,0.));
#4282=DIRECTION('',(0.,-1.,0.));
#4283=DIRECTION('',(1.,0.,0.));
#4284=DIRECTION('',(-1.,0.,-3.82659590289002E-16));
#4285=DIRECTION('',(-3.82659590289002E-16,0.,1.));
#4286=DIRECTION('',(0.,-1.,0.));
#4287=DIRECTION('',(3.82659590289002E-16,0.,-1.));
#4288=DIRECTION('',(0.,-1.,0.));
#4289=DIRECTION('',(3.82659590289002E-16,0.,-1.));
#4290=DIRECTION('',(0.,0.,-1.));
#4291=DIRECTION('',(-1.,0.,0.));
#4292=DIRECTION('',(0.,-1.,0.));
#4293=DIRECTION('',(1.,0.,0.));
#4294=DIRECTION('',(0.,-1.,0.));
#4295=DIRECTION('',(1.,0.,0.));
#4296=DIRECTION('',(-1.,0.,-3.82659590289002E-16));
#4297=DIRECTION('',(-3.82659590289002E-16,0.,1.));
#4298=DIRECTION('',(0.,-1.,0.));
#4299=DIRECTION('',(-3.82659590289002E-16,-6.54789230957976E-17,1.));
#4300=DIRECTION('',(0.,-1.,0.));
#4301=DIRECTION('',(3.82659590289002E-16,0.,-1.));
#4302=DIRECTION('',(0.,-1.,0.));
#4303=DIRECTION('',(1.,0.,0.));
#4304=DIRECTION('',(0.,0.,-1.));
#4305=DIRECTION('',(0.,-1.,0.));
#4306=DIRECTION('',(0.,0.,-1.));
#4307=DIRECTION('',(-1.,0.,0.));
#4308=DIRECTION('',(0.,-1.,0.));
#4309=DIRECTION('',(0.,0.,-1.));
#4310=DIRECTION('',(-8.67361737988424E-15,0.,1.));
#4311=DIRECTION('',(0.,-1.,0.));
#4312=DIRECTION('',(0.,0.,-1.));
#4313=DIRECTION('',(0.707106781186549,0.,0.707106781186546));
#4314=DIRECTION('',(0.,-1.,0.));
#4315=DIRECTION('',(0.,0.,-1.));
#4316=DIRECTION('',(1.,0.,0.));
#4317=DIRECTION('',(0.,-1.,0.));
#4318=DIRECTION('',(0.,0.,-1.));
#4319=DIRECTION('',(0.707106781186548,0.,-0.707106781186548));
#4320=DIRECTION('',(0.,-1.,0.));
#4321=DIRECTION('',(0.,0.,-1.));
#4322=DIRECTION('',(0.,-1.,0.));
#4323=DIRECTION('',(0.,0.,-1.));
#4324=DIRECTION('',(0.,-1.,0.));
#4325=DIRECTION('',(0.,0.,-1.));
#4326=DIRECTION('',(0.,-1.,0.));
#4327=DIRECTION('',(0.,0.,-1.));
#4328=DIRECTION('',(0.,-1.,0.));
#4329=DIRECTION('',(0.,0.,-1.));
#4330=DIRECTION('',(0.,1.,0.));
#4331=DIRECTION('',(0.,0.,1.));
#4332=DIRECTION('',(0.,1.,0.));
#4333=DIRECTION('',(0.,0.,1.));
#4334=DIRECTION('',(0.,-1.,0.));
#4335=DIRECTION('',(0.,0.,-1.));
#4336=DIRECTION('',(0.,1.,0.));
#4337=DIRECTION('',(0.,0.,1.));
#4338=DIRECTION('',(0.,1.,0.));
#4339=DIRECTION('',(0.,0.,1.));
#4340=DIRECTION('',(0.,-1.,0.));
#4341=DIRECTION('',(0.,0.,-1.));
#4342=DIRECTION('',(0.,1.,0.));
#4343=DIRECTION('',(0.,0.,1.));
#4344=DIRECTION('',(-0.644723246602289,-0.764416074720178,0.));
#4345=DIRECTION('',(0.,0.,1.));
#4346=DIRECTION('',(0.,-1.,0.));
#4347=DIRECTION('',(0.,0.,-1.));
#4348=DIRECTION('',(0.,-0.707106781186545,0.707106781186551));
#4349=DIRECTION('',(0.,0.838525491562422,-0.544862367942583));
#4350=DIRECTION('',(1.,0.,0.));
#4351=DIRECTION('',(0.,-0.707106781186551,-0.707106781186545));
#4352=DIRECTION('',(-1.,0.,0.));
#4353=DIRECTION('',(0.,-0.707106781186545,0.707106781186551));
#4354=DIRECTION('',(0.,-1.,0.));
#4355=DIRECTION('',(0.,0.,-1.));
#4356=DIRECTION('',(-0.707106781186551,-0.707106781186545,0.));
#4357=DIRECTION('',(0.,-1.,0.));
#4358=DIRECTION('',(0.,0.,-1.));
#4359=DIRECTION('',(0.707106781186551,0.707106781186545,0.));
#4360=DIRECTION('',(-0.707106781186545,0.707106781186551,-2.70581191179418E-16));
#4361=DIRECTION('',(3.82659590289002E-16,0.,-1.));
#4362=DIRECTION('',(0.,-1.,0.));
#4363=DIRECTION('',(0.,0.,-1.));
#4364=DIRECTION('',(0.,0.707106781186548,-0.707106781186548));
#4365=DIRECTION('',(-0.5,-0.707106781186548,0.5));
#4366=DIRECTION('',(-0.5,0.707106781186548,0.5));
#4367=DIRECTION('',(0.707106781186549,0.,0.707106781186546));
#4368=DIRECTION('',(-0.5,-0.707106781186547,0.5));
#4369=DIRECTION('',(0.,0.707106781186548,0.707106781186548));
#4370=DIRECTION('',(1.,0.,0.));
#4371=DIRECTION('',(0.,0.707106781186548,-0.707106781186548));
#4372=DIRECTION('',(0.,-1.,0.));
#4373=DIRECTION('',(0.,0.,-1.));
#4374=DIRECTION('',(-0.707106781186548,-0.707106781186548,0.));
#4375=DIRECTION('',(0.,-1.,0.));
#4376=DIRECTION('',(0.,0.,-1.));
#4377=DIRECTION('',(-0.5,0.707106781186547,-0.5));
#4378=DIRECTION('',(0.707106781186548,-0.707106781186547,6.13317366673364E-15));
#4379=DIRECTION('',(-8.67361737988424E-15,0.,1.));
#4380=DIRECTION('',(-0.707106781186547,-0.707106781186548,-6.13317366673354E-15));
#4381=DIRECTION('',(0.5,0.707106781186546,0.5));
#4382=DIRECTION('',(0.707106781186548,0.,-0.707106781186548));
#4383=DIRECTION('',(-0.5,0.707106781186548,-0.5));
#4384=DIRECTION('',(0.,-1.,0.));
#4385=DIRECTION('',(0.,0.,-1.));
#4386=DIRECTION('',(0.,-0.707106781186548,-0.707106781186548));
#4387=DIRECTION('',(0.,-1.,0.));
#4388=DIRECTION('',(0.,0.,-1.));
#4389=DIRECTION('',(-0.707106781186548,0.707106781186548,0.));
#4390=DIRECTION('',(0.,-0.707106781186548,0.707106781186548));
#4391=DIRECTION('',(-1.,0.,0.));
#4392=DIRECTION('',(0.,-0.707106781186548,-0.707106781186548));
#4393=DIRECTION('',(-0.707106781186549,-0.707106781186546,0.));
#4394=DIRECTION('',(0.,0.,-1.));
#4395=DIRECTION('',(-0.707106781186546,0.707106781186549,6.13317366673355E-15));
#4396=DIRECTION('',(0.,-1.,0.));
#4397=DIRECTION('',(0.,0.,-1.));
#4398=DIRECTION('',(0.,0.,-1.));
#4399=DIRECTION('',(-1.,0.,0.));
#4400=DIRECTION('',(0.,0.,1.));
#4401=DIRECTION('',(1.,0.,0.));
#4402=DIRECTION('',(0.,0.,-1.));
#4403=DIRECTION('',(-1.,0.,0.));
#4404=DIRECTION('',(0.,0.,-1.));
#4405=DIRECTION('',(-1.,0.,0.));
#4406=DIRECTION('',(0.,0.,-1.));
#4407=DIRECTION('',(-1.,0.,0.));
#4408=DIRECTION('',(0.,0.,1.));
#4409=DIRECTION('',(1.,0.,0.));
#4410=DIRECTION('',(0.,-1.,0.));
#4411=DIRECTION('',(0.,0.,1.));
#4412=DIRECTION('',(1.,0.,0.));
#4413=DIRECTION('',(0.,0.,1.));
#4414=DIRECTION('',(1.,0.,0.));
#4415=DIRECTION('',(0.,-1.,0.));
#4416=DIRECTION('',(1.,0.,0.));
#4417=DIRECTION('',(0.,0.,-1.));
#4418=DIRECTION('',(0.,0.,-1.));
#4419=DIRECTION('',(1.,0.,0.));
#4420=DIRECTION('',(0.,0.,-1.));
#4421=DIRECTION('',(0.,0.,1.));
#4422=DIRECTION('',(0.,0.,-1.));
#4423=DIRECTION('',(-1.,0.,0.));
#4424=DIRECTION('',(0.,0.,-1.));
#4425=DIRECTION('',(-1.,0.,0.));
#4426=DIRECTION('',(1.,1.31299082347624E-16,0.));
#4427=DIRECTION('',(-1.31299082347624E-16,1.,0.));
#4428=DIRECTION('',(0.,0.,-1.));
#4429=DIRECTION('',(0.,0.,-1.));
#4430=DIRECTION('',(1.,1.31299082347624E-16,0.));
#4431=DIRECTION('',(-1.31299082347624E-16,1.,0.));
#4432=DIRECTION('',(0.,0.,-1.));
#4433=DIRECTION('',(0.,0.,-1.));
#4434=DIRECTION('',(-1.31299082347624E-16,1.,0.));
#4435=DIRECTION('',(-1.,-1.31299082347624E-16,0.));
#4436=DIRECTION('',(0.,0.,-1.));
#4437=DIRECTION('',(0.,0.,-1.));
#4438=DIRECTION('',(0.,0.,1.));
#4439=DIRECTION('',(1.,0.,0.));
#4440=DIRECTION('',(0.707106781186548,0.,-0.707106781186548));
#4441=DIRECTION('',(0.707106781186548,0.,0.707106781186548));
#4442=DIRECTION('',(0.,0.,-1.));
#4443=DIRECTION('',(-1.,0.,0.));
#4444=DIRECTION('',(0.,0.,1.));
#4445=DIRECTION('',(1.,0.,0.));
#4446=DIRECTION('',(0.,0.,-1.));
#4447=DIRECTION('',(-1.,0.,0.));
#4448=DIRECTION('',(0.707106781186548,0.,0.707106781186548));
#4449=DIRECTION('',(0.707106781186548,0.,-0.707106781186548));
#4450=DIRECTION('',(1.,0.,0.));
#4451=DIRECTION('',(0.,0.,-1.));
#4452=CARTESIAN_POINT('',(0.,0.,0.));
#4453=CARTESIAN_POINT('',(-0.00708981514348311,0.0387625476372525,0.0125));
#4454=CARTESIAN_POINT('',(-0.00908981514348311,0.0202625476372525,0.0125));
#4455=CARTESIAN_POINT('',(-0.00908981514348311,0.0204625476372525,0.0125));
#4456=CARTESIAN_POINT('',(-0.00908981514348311,0.0205625476372525,0.0125));
#4457=CARTESIAN_POINT('',(-0.00488981514348311,0.0204625476372525,0.0125));
#4458=CARTESIAN_POINT('',(-0.00508981514348311,0.0204625476372525,0.0125));
#4459=CARTESIAN_POINT('',(-0.00508981514348311,0.0202625476372525,0.0125));
#4460=CARTESIAN_POINT('',(-0.00508981514348311,0.0205625476372525,0.0125));
#4461=CARTESIAN_POINT('',(-0.00528981514348311,0.0205625476372525,0.0125));
#4462=CARTESIAN_POINT('',(-0.00528981514348311,0.0207625476372525,0.0125));
#4463=CARTESIAN_POINT('',(-0.00508981514348311,0.0207625476372525,0.0125));
#4464=CARTESIAN_POINT('',(-0.00888981514348311,0.0207625476372525,0.0125));
#4465=CARTESIAN_POINT('',(-0.00888981514348311,0.0205625476372525,0.0125));
#4466=CARTESIAN_POINT('',(-0.00708981514348311,0.0387625476372525,0.0132));
#4467=CARTESIAN_POINT('',(-0.00708981514348311,0.0212625476372525,0.0132));
#4468=CARTESIAN_POINT('',(0.00612218485651689,0.0212625476372525,0.0132));
#4469=CARTESIAN_POINT('',(-0.0203018151434831,0.0212625476372525,0.0132));
#4470=CARTESIAN_POINT('',(-0.0203018151434831,0.0238005476372525,0.0132));
#4471=CARTESIAN_POINT('',(-0.0228398151434831,0.0238005476372525,0.0132));
#4472=CARTESIAN_POINT('',(-0.0228398151434831,0.0387625476372525,0.0132));
#4473=CARTESIAN_POINT('',(-0.0228398151434831,0.0537245476372525,0.0132));
#4474=CARTESIAN_POINT('',(-0.0203018151434831,0.0537245476372525,0.0132));
#4475=CARTESIAN_POINT('',(-0.0203018151434831,0.0562625476372525,0.0132));
#4476=CARTESIAN_POINT('',(-0.00708981514348311,0.0562625476372525,0.0132));
#4477=CARTESIAN_POINT('',(0.00612218485651689,0.0562625476372525,0.0132));
#4478=CARTESIAN_POINT('',(0.00612218485651689,0.0537245476372525,0.0132));
#4479=CARTESIAN_POINT('',(0.00866018485651689,0.0537245476372525,0.0132));
#4480=CARTESIAN_POINT('',(0.00866018485651689,0.0387625476372525,0.0132));
#4481=CARTESIAN_POINT('',(0.00866018485651689,0.0238005476372525,0.0132));
#4482=CARTESIAN_POINT('',(0.0061221848565169,0.0238005476372525,0.0132));
#4483=CARTESIAN_POINT('',(-0.00708981514348311,0.0202625476372525,0.0132));
#4484=CARTESIAN_POINT('',(-0.0203018151434831,0.0202625476372525,0.0132));
#4485=CARTESIAN_POINT('',(-0.00928981514348311,0.0202625476372525,0.0132));
#4486=CARTESIAN_POINT('',(-0.00928981514348311,0.0204625476372525,0.0132));
#4487=CARTESIAN_POINT('',(-0.00908981514348311,0.0204625476372525,0.0132));
#4488=CARTESIAN_POINT('',(-0.00908981514348311,0.0202625476372525,0.0132));
#4489=CARTESIAN_POINT('',(-0.00908981514348311,0.0205625476372525,0.0132));
#4490=CARTESIAN_POINT('',(-0.00888981514348311,0.0205625476372525,0.0132));
#4491=CARTESIAN_POINT('',(-0.00888981514348311,0.0207625476372525,0.0132));
#4492=CARTESIAN_POINT('',(-0.00508981514348311,0.0207625476372525,0.0132));
#4493=CARTESIAN_POINT('',(-0.00528981514348311,0.0207625476372525,0.0132));
#4494=CARTESIAN_POINT('',(-0.00528981514348311,0.0205625476372525,0.0132));
#4495=CARTESIAN_POINT('',(-0.00508981514348311,0.0205625476372525,0.0132));
#4496=CARTESIAN_POINT('',(-0.00508981514348311,0.0202625476372525,0.0132));
#4497=CARTESIAN_POINT('',(-0.00508981514348311,0.0204625476372525,0.0132));
#4498=CARTESIAN_POINT('',(-0.00488981514348311,0.0204625476372525,0.0132));
#4499=CARTESIAN_POINT('',(-0.00488981514348311,0.0202625476372525,0.0132));
#4500=CARTESIAN_POINT('',(-0.00708981514348311,0.0202625476372525,0.0132));
#4501=CARTESIAN_POINT('',(0.00612218485651689,0.0202625476372525,0.0132));
#4502=CARTESIAN_POINT('',(0.00612218485651689,0.0238005476372525,0.0132));
#4503=CARTESIAN_POINT('',(0.00966018485651689,0.0238005476372525,0.0132));
#4504=CARTESIAN_POINT('',(0.00966018485651689,0.0387625476372525,0.0132));
#4505=CARTESIAN_POINT('',(0.00966018485651689,0.0537245476372525,0.0132));
#4506=CARTESIAN_POINT('',(0.00612218485651689,0.0537245476372525,0.0132));
#4507=CARTESIAN_POINT('',(0.00612218485651689,0.0572625476372525,0.0132));
#4508=CARTESIAN_POINT('',(-0.00708981514348311,0.0572625476372525,0.0132));
#4509=CARTESIAN_POINT('',(-0.0203018151434831,0.0572625476372525,0.0132));
#4510=CARTESIAN_POINT('',(-0.0203018151434831,0.0537245476372525,0.0132));
#4511=CARTESIAN_POINT('',(-0.0238398151434831,0.0537245476372525,0.0132));
#4512=CARTESIAN_POINT('',(-0.0238398151434831,0.0387625476372525,0.0132));
#4513=CARTESIAN_POINT('',(-0.0238398151434831,0.0238005476372525,0.0132));
#4514=CARTESIAN_POINT('',(-0.0203018151434831,0.0238005476372525,0.0132));
#4515=CARTESIAN_POINT('',(-0.00708981514348311,0.0387625476372525,0.002));
#4516=CARTESIAN_POINT('',(-0.0166615846589418,0.0349009044634766,0.002));
#4517=CARTESIAN_POINT('',(-0.0166615846589418,0.0350375476372525,0.002));
#4518=CARTESIAN_POINT('',(-0.0166615846589418,0.034870089217839,0.002));
#4519=CARTESIAN_POINT('',(-0.0162995846589418,0.034870089217839,0.002));
#4520=CARTESIAN_POINT('',(-0.0166101303887555,0.0346840640859497,0.002));
#4521=CARTESIAN_POINT('',(-0.0179398151434831,0.0338875476372525,0.002));
#4522=CARTESIAN_POINT('',(-0.0192694998982107,0.0346840640859497,0.002));
#4523=CARTESIAN_POINT('',(-0.0195800456280244,0.034870089217839,0.002));
#4524=CARTESIAN_POINT('',(-0.0192180456280244,0.034870089217839,0.002));
#4525=CARTESIAN_POINT('',(-0.0192180456280244,0.0349009044634766,0.002));
#4526=CARTESIAN_POINT('',(-0.0192180456280244,0.0350375476372525,0.002));
#4527=CARTESIAN_POINT('',(-0.0185773151434831,0.0350375476372525,0.002));
#4528=CARTESIAN_POINT('',(-0.0213398151434831,0.0350375476372525,0.002));
#4529=CARTESIAN_POINT('',(-0.0213398151434831,0.0355375476372525,0.002));
#4530=CARTESIAN_POINT('',(-0.0218398151434831,0.0355375476372525,0.002));
#4531=CARTESIAN_POINT('',(-0.0218398151434831,0.0387625476372525,0.002));
#4532=CARTESIAN_POINT('',(-0.0218398151434831,0.0271489046388624,0.002));
#4533=CARTESIAN_POINT('',(-0.0214778151434831,0.0271489046388624,0.002));
#4534=CARTESIAN_POINT('',(-0.0214778151434831,0.0267869046388624,0.002));
#4535=CARTESIAN_POINT('',(-0.0194742913160582,0.0267869046388624,0.002));
#4536=CARTESIAN_POINT('',(-0.0188587307639771,0.0267869046388624,0.002));
#4537=CARTESIAN_POINT('',(-0.0188148151434831,0.0252875476372525,0.002));
#4538=CARTESIAN_POINT('',(-0.0173149674303426,0.0252661738826185,0.002));
#4539=CARTESIAN_POINT('',(-0.0173149674303426,0.0245954267771135,0.002));
#4540=CARTESIAN_POINT('',(-0.0173149674303426,0.0239246796716084,0.002));
#4541=CARTESIAN_POINT('',(-0.0169528353959866,0.0239246796716084,0.002));
#4542=CARTESIAN_POINT('',(-0.0169528353959866,0.0235625476372525,0.002));
#4543=CARTESIAN_POINT('',(-0.0107791522680728,0.0235625476372525,0.002));
#4544=CARTESIAN_POINT('',(-0.00460546914015904,0.0235625476372525,0.002));
#4545=CARTESIAN_POINT('',(-0.00460546914015905,0.0232004156028966,0.002));
#4546=CARTESIAN_POINT('',(-0.00424333710580308,0.0232004156028966,0.002));
#4547=CARTESIAN_POINT('',(-0.00424333710580308,0.0227314816200745,0.002));
#4548=CARTESIAN_POINT('',(-0.00424333710580308,0.0226245476372525,0.002));
#4549=CARTESIAN_POINT('',(-0.00388133710580307,0.0226245476372525,0.002));
#4550=CARTESIAN_POINT('',(-0.00388133710580307,0.0222625476372525,0.002));
#4551=CARTESIAN_POINT('',(-0.00708981514348311,0.0222625476372525,0.002));
#4552=CARTESIAN_POINT('',(0.00612218485651689,0.0222625476372525,0.002));
#4553=CARTESIAN_POINT('',(0.00612218485651689,0.0238005476372525,0.002));
#4554=CARTESIAN_POINT('',(0.00766018485651689,0.0238005476372525,0.002));
#4555=CARTESIAN_POINT('',(0.00766018485651689,0.0387625476372525,0.002));
#4556=CARTESIAN_POINT('',(0.00766018485651689,0.0241255476372525,0.002));
#4557=CARTESIAN_POINT('',(0.00729818485651689,0.0241255476372525,0.002));
#4558=CARTESIAN_POINT('',(0.00729818485651689,0.0244875476372525,0.002));
#4559=CARTESIAN_POINT('',(0.00719125087369487,0.0244875476372525,0.002));
#4560=CARTESIAN_POINT('',(0.00672231689087285,0.0244875476372525,0.002));
#4561=CARTESIAN_POINT('',(0.00672231689087286,0.0248496796716084,0.002));
#4562=CARTESIAN_POINT('',(0.00636018485651689,0.0248496796716084,0.002));
#4563=CARTESIAN_POINT('',(0.00636018485651689,0.051413489705652,0.002));
#4564=CARTESIAN_POINT('',(0.00636018485651688,0.0516004156028965,0.002));
#4565=CARTESIAN_POINT('',(0.00599805282216092,0.0516004156028965,0.002));
#4566=CARTESIAN_POINT('',(0.00599805282216092,0.0519625476372525,0.002));
#4567=CARTESIAN_POINT('',(0.000287819416189795,0.0519625476372525,0.002));
#4568=CARTESIAN_POINT('',(-0.00542241398978133,0.0519625476372525,0.002));
#4569=CARTESIAN_POINT('',(-0.00542241398978133,0.0523245476372525,0.002));
#4570=CARTESIAN_POINT('',(-0.00578441398978133,0.0523245476372525,0.002));
#4571=CARTESIAN_POINT('',(-0.00578441398978133,0.0537935476372525,0.002));
#4572=CARTESIAN_POINT('',(-0.00578441398978133,0.0549005476372525,0.002));
#4573=CARTESIAN_POINT('',(-0.00614641398978133,0.0549005476372525,0.002));
#4574=CARTESIAN_POINT('',(-0.00614641398978133,0.0552625476372525,0.002));
#4575=CARTESIAN_POINT('',(-0.00708981514348311,0.0552625476372525,0.002));
#4576=CARTESIAN_POINT('',(-0.0158148151434831,0.0552625476372525,0.002));
#4577=CARTESIAN_POINT('',(-0.0158148151434831,0.0547625476372525,0.002));
#4578=CARTESIAN_POINT('',(-0.0153148151434831,0.0547625476372525,0.002));
#4579=CARTESIAN_POINT('',(-0.0153148151434831,0.0451500476372525,0.002));
#4580=CARTESIAN_POINT('',(-0.0153148151434831,0.0355375476372525,0.002));
#4581=CARTESIAN_POINT('',(-0.0158148151434831,0.0355375476372525,0.002));
#4582=CARTESIAN_POINT('',(-0.0158148151434831,0.0350375476372525,0.002));
#4583=CARTESIAN_POINT('',(-0.0185773151434831,0.0350375476372525,0.002));
#4584=CARTESIAN_POINT('',(-0.00402681514348311,0.0263105476372525,0.002));
#4585=CARTESIAN_POINT('',(-0.00452681514348311,0.0263105476372525,0.002));
#4586=CARTESIAN_POINT('',(-0.0154148151434831,0.0246125476372525,0.002));
#4587=CARTESIAN_POINT('',(-0.0149148151434831,0.0246125476372525,0.002));
#4588=CARTESIAN_POINT('',(-0.00856481514348311,0.0395875476372525,0.002));
#4589=CARTESIAN_POINT('',(-0.00306481514348311,0.0395875476372525,0.002));
#4590=CARTESIAN_POINT('',(-0.0126898151434831,0.0505375476372525,0.002));
#4591=CARTESIAN_POINT('',(-0.0111898151434831,0.0505375476372525,0.002));
#4592=CARTESIAN_POINT('',(-0.00121481514348312,0.0466125476372525,0.002));
#4593=CARTESIAN_POINT('',(0.000285184856516884,0.0466125476372525,0.002));
#4594=CARTESIAN_POINT('',(-0.0179398151434831,0.0338875476372525,0.0029));
#4595=CARTESIAN_POINT('',(-0.0166101303887555,0.0346840640859497,0.0029));
#4596=CARTESIAN_POINT('',(-0.0166101303887555,0.0346840640859497,0.0029));
#4597=CARTESIAN_POINT('',(-0.0179398151434831,0.0338875476372525,0.0029));
#4598=CARTESIAN_POINT('',(-0.0192694998982107,0.0346840640859497,0.0029));
#4599=CARTESIAN_POINT('',(-0.0192694998982107,0.0346840640859497,0.0029));
#4600=CARTESIAN_POINT('',(0.00612218485651689,0.0238005476372525,0.002));
#4601=CARTESIAN_POINT('',(0.00671891763063313,0.0203132343452904,0.002));
#4602=CARTESIAN_POINT('',(0.00671891763063313,0.0203132343452904,0.006675));
#4603=CARTESIAN_POINT('',(0.00671891763063313,0.0203132343452904,0.001875));
#4604=CARTESIAN_POINT('',(0.00671891763063314,0.0203132343452904,0.001875));
#4605=CARTESIAN_POINT('',(0.00672186745368791,0.0203137391052438,0.0015499164837398));
#4606=CARTESIAN_POINT('',(0.00657188384848364,0.0202820497889154,0.00122604157629024));
#4607=CARTESIAN_POINT('',(0.00631808432018809,0.0202679752883638,0.0010000000055151));
#4608=CARTESIAN_POINT('',(0.00631792844372584,0.0202679666946644,0.000999810000516556));
#4609=CARTESIAN_POINT('',(0.00612218485651689,0.0238005476372525,0.001));
#4610=CARTESIAN_POINT('',(0.00966018485651689,0.0238005476372525,0.001));
#4611=CARTESIAN_POINT('',(0.00966018485651689,0.0238005476372525,0.));
#4612=CARTESIAN_POINT('',(0.00612218485651689,0.0202625476372525,0.0125));
#4613=CARTESIAN_POINT('',(0.00612218485651689,0.0202625476372525,0.00769197148435932));
#4614=CARTESIAN_POINT('',(0.00612218485651689,0.0202625476372525,0.00769197148435932));
#4615=CARTESIAN_POINT('',(0.00648866978232585,0.0202625476372525,0.00747912321301637));
#4616=CARTESIAN_POINT('',(0.0067225697848549,0.0203138592848751,0.00707971208838412));
#4617=CARTESIAN_POINT('',(0.00671891763063314,0.0203132343452904,0.006675));
#4618=CARTESIAN_POINT('',(0.00426196155181353,0.0222625476372525,0.00525606601717798));
#4619=CARTESIAN_POINT('',(0.00489731689087286,0.0222625476372525,0.00462071067811866));
#4620=CARTESIAN_POINT('',(0.00489731689087286,0.0222625476372525,0.00462071067811866));
#4621=CARTESIAN_POINT('',(0.00489731689087286,0.0219625476372525,0.00462071067811866));
#4622=CARTESIAN_POINT('',(0.00426196155181353,0.0219625476372525,0.00525606601717798));
#4623=CARTESIAN_POINT('',(0.00420589553463555,0.0219625476372525,0.00531213203435596));
#4624=CARTESIAN_POINT('',(0.00420589553463555,0.0222625476372525,0.00531213203435596));
#4625=CARTESIAN_POINT('',(0.00420589553463555,0.0222625476372525,0.00531213203435596));
#4626=CARTESIAN_POINT('',(0.00426196155181353,0.0222625476372525,0.00525606601717798));
#4627=CARTESIAN_POINT('',(0.00399376350027959,0.0222625476372525,0.00509999999999994));
#4628=CARTESIAN_POINT('',(0.00399376350027959,0.0219625476372525,0.00509999999999994));
#4629=CARTESIAN_POINT('',(0.00399376350027959,0.0219625476372525,0.0054));
#4630=CARTESIAN_POINT('',(0.00399376350027959,0.0222625476372525,0.0054));
#4631=CARTESIAN_POINT('',(0.00399376350027959,0.0222625476372525,0.0054));
#4632=CARTESIAN_POINT('',(0.00399376350027959,0.0222625476372525,0.00509999999999994));
#4633=CARTESIAN_POINT('',(0.00133518485651689,0.0222625476372525,0.0054));
#4634=CARTESIAN_POINT('',(0.00133518485651689,0.0219625476372525,0.0054));
#4635=CARTESIAN_POINT('',(-0.0013233937872458,0.0219625476372525,0.0054));
#4636=CARTESIAN_POINT('',(-0.0013233937872458,0.0222625476372525,0.0054));
#4637=CARTESIAN_POINT('',(-0.0013233937872458,0.0222625476372525,0.0054));
#4638=CARTESIAN_POINT('',(0.00133518485651689,0.0222625476372525,0.0054));
#4639=CARTESIAN_POINT('',(-0.0013233937872458,0.0222625476372525,0.0051));
#4640=CARTESIAN_POINT('',(-0.0013233937872458,0.0219625476372525,0.0051));
#4641=CARTESIAN_POINT('',(-0.00153552582160176,0.0219625476372525,0.00531213203435596));
#4642=CARTESIAN_POINT('',(-0.00153552582160176,0.0222625476372525,0.00531213203435596));
#4643=CARTESIAN_POINT('',(-0.00153552582160176,0.0222625476372525,0.00531213203435596));
#4644=CARTESIAN_POINT('',(-0.0013233937872458,0.0222625476372525,0.0051));
#4645=CARTESIAN_POINT('',(-0.00159159183877974,0.0222625476372525,0.00525606601717798));
#4646=CARTESIAN_POINT('',(-0.00159159183877974,0.0219625476372525,0.00525606601717798));
#4647=CARTESIAN_POINT('',(-0.00222694717783907,0.0219625476372525,0.00462071067811866));
#4648=CARTESIAN_POINT('',(-0.00222694717783907,0.0222625476372525,0.00462071067811866));
#4649=CARTESIAN_POINT('',(-0.00222694717783907,0.0222625476372525,0.00462071067811866));
#4650=CARTESIAN_POINT('',(-0.00159159183877974,0.0222625476372525,0.00525606601717798));
#4651=CARTESIAN_POINT('',(-0.0020148151434831,0.0222625476372525,0.00440857864376269));
#4652=CARTESIAN_POINT('',(-0.0020148151434831,0.0219625476372525,0.00440857864376269));
#4653=CARTESIAN_POINT('',(-0.00231481514348311,0.0219625476372525,0.00440857864376269));
#4654=CARTESIAN_POINT('',(-0.00231481514348311,0.0222625476372525,0.00440857864376269));
#4655=CARTESIAN_POINT('',(-0.00231481514348311,0.0222625476372525,0.00440857864376269));
#4656=CARTESIAN_POINT('',(-0.0020148151434831,0.0222625476372525,0.00440857864376269));
#4657=CARTESIAN_POINT('',(-0.0023148151434831,0.0222625476372525,0.003325));
#4658=CARTESIAN_POINT('',(-0.0023148151434831,0.0219625476372525,0.0033));
#4659=CARTESIAN_POINT('',(-0.00231481514348311,0.0219625476372525,0.0033));
#4660=CARTESIAN_POINT('',(-0.00231481514348311,0.0222625476372525,0.0033));
#4661=CARTESIAN_POINT('',(-0.00231481514348311,0.0222625476372525,0.0033));
#4662=CARTESIAN_POINT('',(-0.0023148151434831,0.0222625476372525,0.003325));
#4663=CARTESIAN_POINT('',(-0.00216481514348311,0.0222625476372525,0.0033));
#4664=CARTESIAN_POINT('',(-0.00216481514348311,0.0219625476372525,0.0033));
#4665=CARTESIAN_POINT('',(-0.00216481514348311,0.0219625476372525,0.00315));
#4666=CARTESIAN_POINT('',(-0.00216481514348311,0.0222625476372525,0.00315));
#4667=CARTESIAN_POINT('',(-0.00216481514348311,0.0222625476372525,0.00315));
#4668=CARTESIAN_POINT('',(-0.00216481514348311,0.0222625476372525,0.0033));
#4669=CARTESIAN_POINT('',(0.00133518485651689,0.0222625476372525,0.00315));
#4670=CARTESIAN_POINT('',(0.00483518485651689,0.0219625476372525,0.00315));
#4671=CARTESIAN_POINT('',(0.00483518485651689,0.0219625476372525,0.00315));
#4672=CARTESIAN_POINT('',(0.00483518485651689,0.0222625476372525,0.00315));
#4673=CARTESIAN_POINT('',(0.00483518485651689,0.0222625476372525,0.00315));
#4674=CARTESIAN_POINT('',(0.00133518485651689,0.0222625476372525,0.00315));
#4675=CARTESIAN_POINT('',(0.00483518485651689,0.0222625476372525,0.0033));
#4676=CARTESIAN_POINT('',(0.00483518485651689,0.0219625476372525,0.0033));
#4677=CARTESIAN_POINT('',(0.00498518485651689,0.0219625476372525,0.0033));
#4678=CARTESIAN_POINT('',(0.00498518485651689,0.0222625476372525,0.0033));
#4679=CARTESIAN_POINT('',(0.00498518485651689,0.0222625476372525,0.0033));
#4680=CARTESIAN_POINT('',(0.00483518485651689,0.0222625476372525,0.0033));
#4681=CARTESIAN_POINT('',(0.00498518485651689,0.0222625476372525,0.00387928932188135));
#4682=CARTESIAN_POINT('',(0.00498518485651689,0.0219625476372525,0.00440857864376269));
#4683=CARTESIAN_POINT('',(0.00498518485651689,0.0219625476372525,0.00440857864376269));
#4684=CARTESIAN_POINT('',(0.00498518485651689,0.0222625476372525,0.00440857864376269));
#4685=CARTESIAN_POINT('',(0.00498518485651689,0.0222625476372525,0.00440857864376269));
#4686=CARTESIAN_POINT('',(0.00498518485651689,0.0222625476372525,0.00387928932188135));
#4687=CARTESIAN_POINT('',(0.0046851848565169,0.0222625476372525,0.00440857864376269));
#4688=CARTESIAN_POINT('',(0.0046851848565169,0.0219625476372525,0.00440857864376269));
#4689=CARTESIAN_POINT('',(0.0046851848565169,0.0222625476372525,0.00440857864376269));
#4690=CARTESIAN_POINT('',(-0.0218398151434831,0.0387625476372525,0.0125));
#4691=CARTESIAN_POINT('',(-0.0218398151434831,0.0537245476372525,0.0125));
#4692=CARTESIAN_POINT('',(-0.0218398151434831,0.0537245476372525,0.));
#4693=CARTESIAN_POINT('',(-0.0218398151434831,0.0537245476372525,0.0025));
#4694=CARTESIAN_POINT('',(-0.0218398151434831,0.0532245476372525,0.0025));
#4695=CARTESIAN_POINT('',(-0.0218398151434831,0.0532245476372525,0.002));
#4696=CARTESIAN_POINT('',(-0.0218398151434831,0.0443810476372525,0.002));
#4697=CARTESIAN_POINT('',(-0.0218398151434831,0.0355375476372525,0.));
#4698=CARTESIAN_POINT('',(-0.0218398151434831,0.0355375476372525,0.));
#4699=CARTESIAN_POINT('',(-0.0218398151434831,0.0387625476372525,0.));
#4700=CARTESIAN_POINT('',(-0.0218398151434831,0.0387625476372525,0.0125));
#4701=CARTESIAN_POINT('',(-0.0218398151434831,0.0263005476372525,0.0102));
#4702=CARTESIAN_POINT('',(-0.0218398151434831,0.0263005476372525,0.00935));
#4703=CARTESIAN_POINT('',(-0.0218398151434831,0.0387625476372525,0.0102));
#4704=CARTESIAN_POINT('',(-0.0218398151434831,0.0387625476372525,0.00935));
#4705=CARTESIAN_POINT('',(-0.0218398151434831,0.0512245476372525,0.0102));
#4706=CARTESIAN_POINT('',(-0.0218398151434831,0.0512245476372525,0.00935));
#4707=CARTESIAN_POINT('',(-0.0218398151434831,0.0355375476372525,0.0025));
#4708=CARTESIAN_POINT('',(-0.0218398151434831,0.0350375476372525,0.0025));
#4709=CARTESIAN_POINT('',(-0.0218398151434831,0.0350375476372525,0.00455));
#4710=CARTESIAN_POINT('',(-0.0218398151434831,0.0350375476372525,0.0066));
#4711=CARTESIAN_POINT('',(-0.0218398151434831,0.0355375476372525,0.0066));
#4712=CARTESIAN_POINT('',(-0.0218398151434831,0.0355375476372525,0.0071));
#4713=CARTESIAN_POINT('',(-0.0218398151434831,0.0443810476372525,0.0071));
#4714=CARTESIAN_POINT('',(-0.0218398151434831,0.0532245476372525,0.0071));
#4715=CARTESIAN_POINT('',(-0.0218398151434831,0.0532245476372525,0.0066));
#4716=CARTESIAN_POINT('',(-0.0218398151434831,0.0537245476372525,0.0066));
#4717=CARTESIAN_POINT('',(-0.0218398151434831,0.0537245476372525,0.0125));
#4718=CARTESIAN_POINT('',(-0.0218398151434831,0.0537245476372525,0.0125));
#4719=CARTESIAN_POINT('',(-0.0218398151434831,0.0387625476372525,0.0125));
#4720=CARTESIAN_POINT('',(-0.0218398151434831,0.0238005476372525,0.0125));
#4721=CARTESIAN_POINT('',(-0.0218398151434831,0.0238005476372525,0.002));
#4722=CARTESIAN_POINT('',(-0.0218398151434831,0.0238005476372525,0.0055));
#4723=CARTESIAN_POINT('',(-0.0218398151434831,0.0387625476372525,0.0055));
#4724=CARTESIAN_POINT('',(-0.0218398151434831,0.0271489046388624,0.0055));
#4725=CARTESIAN_POINT('',(-0.0218398151434831,0.0271489046388624,0.0125));
#4726=CARTESIAN_POINT('',(-0.0238398151434831,0.0387625476372525,0.002));
#4727=CARTESIAN_POINT('',(-0.0238398151434831,0.0263005476372525,0.0102));
#4728=CARTESIAN_POINT('',(-0.0238398151434831,0.0263005476372525,0.0117));
#4729=CARTESIAN_POINT('',(-0.0238398151434831,0.0387625476372525,0.0102));
#4730=CARTESIAN_POINT('',(-0.0238398151434831,0.0387625476372525,0.0117));
#4731=CARTESIAN_POINT('',(-0.0238398151434831,0.0512245476372525,0.0102));
#4732=CARTESIAN_POINT('',(-0.0238398151434831,0.0512245476372525,0.0117));
#4733=CARTESIAN_POINT('',(-0.0238398151434831,0.0532245476372525,0.0025));
#4734=CARTESIAN_POINT('',(-0.0238398151434831,0.0537245476372525,0.0025));
#4735=CARTESIAN_POINT('',(-0.0238398151434831,0.0532245476372525,0.002));
#4736=CARTESIAN_POINT('',(-0.0238398151434831,0.0537245476372525,0.));
#4737=CARTESIAN_POINT('',(-0.0238398151434831,0.0537245476372525,0.001));
#4738=CARTESIAN_POINT('',(-0.0238398151434831,0.0387625476372525,0.001));
#4739=CARTESIAN_POINT('',(-0.0238398151434831,0.0238005476372525,0.001));
#4740=CARTESIAN_POINT('',(-0.0238398151434831,0.0238005476372525,0.002));
#4741=CARTESIAN_POINT('',(-0.0238398151434831,0.0537245476372525,0.));
#4742=CARTESIAN_POINT('',(-0.0238398151434831,0.0537245476372525,0.0066));
#4743=CARTESIAN_POINT('',(-0.0238398151434831,0.0532245476372525,0.0066));
#4744=CARTESIAN_POINT('',(-0.0238398151434831,0.0532245476372525,0.0071));
#4745=CARTESIAN_POINT('',(-0.0238398151434831,0.0443810476372525,0.0071));
#4746=CARTESIAN_POINT('',(-0.0238398151434831,0.0355375476372525,0.0071));
#4747=CARTESIAN_POINT('',(-0.0238398151434831,0.0355375476372525,0.0066));
#4748=CARTESIAN_POINT('',(-0.0238398151434831,0.0350375476372525,0.0066));
#4749=CARTESIAN_POINT('',(-0.0238398151434831,0.0350375476372525,0.00455));
#4750=CARTESIAN_POINT('',(-0.0238398151434831,0.0350375476372525,0.0025));
#4751=CARTESIAN_POINT('',(-0.0238398151434831,0.0355375476372525,0.0025));
#4752=CARTESIAN_POINT('',(-0.0238398151434831,0.0355375476372525,0.002));
#4753=CARTESIAN_POINT('',(-0.0238398151434831,0.0443810476372525,0.002));
#4754=CARTESIAN_POINT('',(-0.00708981514348311,0.0572625476372525,0.002));
#4755=CARTESIAN_POINT('',(0.00612218485651689,0.0572625476372525,0.002));
#4756=CARTESIAN_POINT('',(0.00612218485651689,0.0572625476372525,0.001));
#4757=CARTESIAN_POINT('',(-0.0203018151434831,0.0572625476372525,0.001));
#4758=CARTESIAN_POINT('',(-0.0203018151434831,0.0572625476372525,0.001));
#4759=CARTESIAN_POINT('',(-0.0203018151434831,0.0572625476372525,0.0125));
#4760=CARTESIAN_POINT('',(-0.00708981514348311,0.0572625476372525,0.0026));
#4761=CARTESIAN_POINT('',(-0.00658981514348311,0.0572625476372525,0.0026));
#4762=CARTESIAN_POINT('',(-0.00758981514348311,0.0572625476372525,0.0026));
#4763=CARTESIAN_POINT('',(-0.00658981514348311,0.0572625476372525,0.0031));
#4764=CARTESIAN_POINT('',(-0.00608981514348311,0.0572625476372525,0.0031));
#4765=CARTESIAN_POINT('',(-0.00608981514348311,0.0572625476372525,0.0071));
#4766=CARTESIAN_POINT('',(-0.00608981514348311,0.0572625476372525,0.0111));
#4767=CARTESIAN_POINT('',(-0.00658981514348311,0.0572625476372525,0.0111));
#4768=CARTESIAN_POINT('',(-0.00658981514348311,0.0572625476372525,0.0116));
#4769=CARTESIAN_POINT('',(-0.00708981514348311,0.0572625476372525,0.0116));
#4770=CARTESIAN_POINT('',(-0.00758981514348311,0.0572625476372525,0.0116));
#4771=CARTESIAN_POINT('',(-0.00758981514348311,0.0572625476372525,0.0111));
#4772=CARTESIAN_POINT('',(-0.00808981514348311,0.0572625476372525,0.0111));
#4773=CARTESIAN_POINT('',(-0.00808981514348311,0.0572625476372525,0.0071));
#4774=CARTESIAN_POINT('',(-0.00808981514348311,0.0572625476372525,0.0031));
#4775=CARTESIAN_POINT('',(-0.00758981514348311,0.0572625476372525,0.0031));
#4776=CARTESIAN_POINT('',(-0.00708981514348311,0.0222625476372525,0.0125));
#4777=CARTESIAN_POINT('',(-0.0203018151434831,0.0222625476372525,0.0125));
#4778=CARTESIAN_POINT('',(-0.0203018151434831,0.0222625476372525,0.0055));
#4779=CARTESIAN_POINT('',(-0.0203018151434831,0.0222625476372525,0.0125));
#4780=CARTESIAN_POINT('',(-0.00708981514348311,0.0222625476372525,0.0125));
#4781=CARTESIAN_POINT('',(0.00612218485651689,0.0222625476372525,0.0125));
#4782=CARTESIAN_POINT('',(0.00612218485651689,0.0222625476372525,0.0125));
#4783=CARTESIAN_POINT('',(-0.00388133710580307,0.0222625476372525,0.0055));
#4784=CARTESIAN_POINT('',(-0.00388133710580307,0.0222625476372525,0.0055));
#4785=CARTESIAN_POINT('',(-0.00708981514348311,0.0222625476372525,0.0055));
#4786=CARTESIAN_POINT('',(-0.00708981514348311,0.0202625476372525,0.002));
#4787=CARTESIAN_POINT('',(-0.00928981514348311,0.0202625476372525,0.0123));
#4788=CARTESIAN_POINT('',(-0.00488981514348311,0.0202625476372525,0.0123));
#4789=CARTESIAN_POINT('',(-0.00928981514348311,0.0202625476372525,0.0123));
#4790=CARTESIAN_POINT('',(-0.00928981514348311,0.0202625476372525,0.0132));
#4791=CARTESIAN_POINT('',(-0.0203018151434831,0.0202625476372525,0.002));
#4792=CARTESIAN_POINT('',(-0.0203018151434831,0.0202625476372525,0.001));
#4793=CARTESIAN_POINT('',(-0.00708981514348311,0.0202625476372525,0.001));
#4794=CARTESIAN_POINT('',(-0.00363601852876595,0.0202625476372525,0.001));
#4795=CARTESIAN_POINT('',(-0.00281481514348311,0.0202625476372525,0.001875));
#4796=CARTESIAN_POINT('',(-0.00401481514348311,0.0202625476372525,0.001875));
#4797=CARTESIAN_POINT('',(-0.00401481514348311,0.0202625476372525,0.002));
#4798=CARTESIAN_POINT('',(-0.00401481514348311,0.0202625476372525,0.006675));
#4799=CARTESIAN_POINT('',(-0.00281481514348311,0.0202625476372525,0.006675));
#4800=CARTESIAN_POINT('',(-0.00281481514348311,0.0202625476372525,0.007875));
#4801=CARTESIAN_POINT('',(0.00548518485651689,0.0202625476372525,0.007875));
#4802=CARTESIAN_POINT('',(0.00548518485651689,0.0202625476372525,0.007875));
#4803=CARTESIAN_POINT('',(0.00548518485651689,0.0202625476372525,0.006675));
#4804=CARTESIAN_POINT('',(-0.00488981514348311,0.0202625476372525,0.002));
#4805=CARTESIAN_POINT('',(-0.00708981514348311,0.0552625476372525,0.0125));
#4806=CARTESIAN_POINT('',(-0.00708981514348311,0.0552625476372525,0.0125));
#4807=CARTESIAN_POINT('',(-0.0203018151434831,0.0552625476372525,0.0125));
#4808=CARTESIAN_POINT('',(0.00612218485651689,0.0552625476372525,0.0125));
#4809=CARTESIAN_POINT('',(-0.0203018151434831,0.0552625476372525,0.0125));
#4810=CARTESIAN_POINT('',(-0.0203018151434831,0.0552625476372525,0.));
#4811=CARTESIAN_POINT('',(-0.00708981514348311,0.0552625476372525,0.));
#4812=CARTESIAN_POINT('',(-0.0158148151434831,0.0552625476372525,0.));
#4813=CARTESIAN_POINT('',(-0.0158148151434831,0.0552625476372525,0.0125));
#4814=CARTESIAN_POINT('',(-0.00614641398978133,0.0552625476372525,0.0125));
#4815=CARTESIAN_POINT('',(-0.00614641398978133,0.0552625476372525,0.0055));
#4816=CARTESIAN_POINT('',(-0.00708981514348311,0.0552625476372525,0.0055));
#4817=CARTESIAN_POINT('',(0.00612218485651689,0.0552625476372525,0.0055));
#4818=CARTESIAN_POINT('',(0.00612218485651689,0.0552625476372525,0.0125));
#4819=CARTESIAN_POINT('',(0.00612218485651689,0.0537245476372525,0.0125));
#4820=CARTESIAN_POINT('',(0.00612218485651689,0.0537245476372525,0.0125));
#4821=CARTESIAN_POINT('',(0.00766018485651689,0.0537245476372525,0.0125));
#4822=CARTESIAN_POINT('',(0.00612218485651689,0.0537245476372525,0.0055));
#4823=CARTESIAN_POINT('',(0.00766018485651689,0.0537245476372525,0.0055));
#4824=CARTESIAN_POINT('',(0.00766018485651689,0.0537245476372525,0.002));
#4825=CARTESIAN_POINT('',(-0.0203018151434831,0.0238005476372525,0.0125));
#4826=CARTESIAN_POINT('',(-0.0203018151434831,0.0238005476372525,0.0125));
#4827=CARTESIAN_POINT('',(-0.0203018151434831,0.0238005476372525,0.0055));
#4828=CARTESIAN_POINT('',(0.00766018485651689,0.0387625476372525,0.0125));
#4829=CARTESIAN_POINT('',(0.00766018485651689,0.0512245476372525,0.0102));
#4830=CARTESIAN_POINT('',(0.00766018485651689,0.0520745476372525,0.0102));
#4831=CARTESIAN_POINT('',(0.00766018485651689,0.0387625476372525,0.0102));
#4832=CARTESIAN_POINT('',(0.00766018485651689,0.0396125476372525,0.0102));
#4833=CARTESIAN_POINT('',(0.00766018485651689,0.0263005476372525,0.0102));
#4834=CARTESIAN_POINT('',(0.00766018485651689,0.0271505476372525,0.0102));
#4835=CARTESIAN_POINT('',(0.00766018485651689,0.0387625476372525,0.0125));
#4836=CARTESIAN_POINT('',(0.00766018485651689,0.0238005476372525,0.0125));
#4837=CARTESIAN_POINT('',(0.00766018485651689,0.0387625476372525,0.0055));
#4838=CARTESIAN_POINT('',(0.00766018485651689,0.0241255476372525,0.0055));
#4839=CARTESIAN_POINT('',(0.00766018485651689,0.0241255476372525,0.0125));
#4840=CARTESIAN_POINT('',(0.00766018485651689,0.0238005476372525,0.0125));
#4841=CARTESIAN_POINT('',(0.00612218485651689,0.0238005476372525,0.0125));
#4842=CARTESIAN_POINT('',(0.00612218485651689,0.0238005476372525,0.0125));
#4843=CARTESIAN_POINT('',(-0.0203018151434831,0.0537245476372525,0.0125));
#4844=CARTESIAN_POINT('',(-0.0203018151434831,0.0537245476372525,0.0125));
#4845=CARTESIAN_POINT('',(-0.0218398151434831,0.0537245476372525,0.));
#4846=CARTESIAN_POINT('',(-0.0203018151434831,0.0537245476372525,0.));
#4847=CARTESIAN_POINT('',(-0.00856481514348311,0.0395875476372525,0.));
#4848=CARTESIAN_POINT('',(-0.00856481514348311,0.0395875476372525,0.0004));
#4849=CARTESIAN_POINT('',(-0.00446481514348311,0.0395875476372525,0.0004));
#4850=CARTESIAN_POINT('',(-0.00856481514348311,0.0395875476372525,0.001));
#4851=CARTESIAN_POINT('',(-0.00446481514348311,0.0395875476372525,0.001));
#4852=CARTESIAN_POINT('',(-0.00708981514348311,0.0387625476372525,0.));
#4853=CARTESIAN_POINT('',(-0.0179398151434831,0.0338875476372525,0.));
#4854=CARTESIAN_POINT('',(-0.0185398151434831,0.0338875476372525,0.));
#4855=CARTESIAN_POINT('',(-0.00402681514348311,0.0263105476372525,0.));
#4856=CARTESIAN_POINT('',(-0.00332681514348311,0.0263105476372525,0.));
#4857=CARTESIAN_POINT('',(-0.00856481514348311,0.0395875476372525,0.));
#4858=CARTESIAN_POINT('',(-0.00406481514348311,0.0395875476372525,0.));
#4859=CARTESIAN_POINT('',(-0.0154148151434831,0.0246125476372525,0.));
#4860=CARTESIAN_POINT('',(-0.0147148151434831,0.0246125476372525,0.));
#4861=CARTESIAN_POINT('',(-0.0228398151434831,0.0387625476372525,0.));
#4862=CARTESIAN_POINT('',(-0.0228398151434831,0.0238005476372525,0.));
#4863=CARTESIAN_POINT('',(-0.0228398151434831,0.0537245476372525,0.));
#4864=CARTESIAN_POINT('',(-0.0203018151434831,0.0537245476372525,0.));
#4865=CARTESIAN_POINT('',(-0.0203018151434831,0.0562625476372525,0.));
#4866=CARTESIAN_POINT('',(0.00612218485651689,0.0562625476372525,0.));
#4867=CARTESIAN_POINT('',(0.00612218485651689,0.0562625476372525,0.));
#4868=CARTESIAN_POINT('',(0.00612218485651689,0.0537245476372525,0.));
#4869=CARTESIAN_POINT('',(0.00866018485651689,0.0537245476372525,0.));
#4870=CARTESIAN_POINT('',(0.00866018485651689,0.0238005476372525,0.));
#4871=CARTESIAN_POINT('',(0.00866018485651689,0.0238005476372525,0.));
#4872=CARTESIAN_POINT('',(0.00612218485651689,0.0238005476372525,0.));
#4873=CARTESIAN_POINT('',(0.00612218485651689,0.0212625476372525,0.));
#4874=CARTESIAN_POINT('',(-0.00708981514348311,0.0212625476372525,0.));
#4875=CARTESIAN_POINT('',(-0.0203018151434831,0.0212625476372525,0.));
#4876=CARTESIAN_POINT('',(-0.0203018151434831,0.0238005476372525,0.));
#4877=CARTESIAN_POINT('',(-0.0153148151434831,0.0451500476372525,0.));
#4878=CARTESIAN_POINT('',(-0.0153148151434831,0.0547625476372525,0.));
#4879=CARTESIAN_POINT('',(-0.0153148151434831,0.0355375476372525,0.));
#4880=CARTESIAN_POINT('',(-0.0158148151434831,0.0547625476372525,0.));
#4881=CARTESIAN_POINT('',(-0.0213398151434831,0.0355375476372525,0.));
#4882=CARTESIAN_POINT('',(-0.0213398151434831,0.0350375476372525,0.));
#4883=CARTESIAN_POINT('',(-0.0185773151434831,0.0350375476372525,0.));
#4884=CARTESIAN_POINT('',(-0.0158148151434831,0.0350375476372525,0.));
#4885=CARTESIAN_POINT('',(-0.0158148151434831,0.0355375476372525,0.));
#4886=CARTESIAN_POINT('',(-0.0188148151434831,0.0252875476372525,0.0055));
#4887=CARTESIAN_POINT('',(-0.0188587307639771,0.0267869046388624,0.0055));
#4888=CARTESIAN_POINT('',(-0.0188587307639771,0.0267869046388624,0.0055));
#4889=CARTESIAN_POINT('',(-0.0188148151434831,0.0252875476372525,0.0055));
#4890=CARTESIAN_POINT('',(-0.0173149674303426,0.0252661738826185,0.0055));
#4891=CARTESIAN_POINT('',(-0.0173149674303426,0.0252661738826185,0.0055));
#4892=CARTESIAN_POINT('',(-0.00121481514348312,0.0466125476372525,0.0055));
#4893=CARTESIAN_POINT('',(-0.00121481514348312,0.0466125476372525,0.0055));
#4894=CARTESIAN_POINT('',(0.000285184856516884,0.0466125476372525,0.0055));
#4895=CARTESIAN_POINT('',(-0.00708981514348311,0.0387625476372525,0.0055));
#4896=CARTESIAN_POINT('',(-0.00121481514348312,0.0466125476372525,0.0055));
#4897=CARTESIAN_POINT('',(-0.00183981514348312,0.0466125476372525,0.0055));
#4898=CARTESIAN_POINT('',(-0.0126898151434831,0.0505375476372525,0.0055));
#4899=CARTESIAN_POINT('',(-0.0126898151434831,0.0505375476372525,0.0055));
#4900=CARTESIAN_POINT('',(-0.0111898151434831,0.0505375476372525,0.0055));
#4901=CARTESIAN_POINT('',(-0.00708981514348311,0.0387625476372525,0.0055));
#4902=CARTESIAN_POINT('',(-0.0126898151434831,0.0505375476372525,0.0055));
#4903=CARTESIAN_POINT('',(-0.0133148151434831,0.0505375476372525,0.0055));
#4904=CARTESIAN_POINT('',(-0.00708981514348311,0.0387625476372525,0.0055));
#4905=CARTESIAN_POINT('',(-0.0188148151434831,0.0252875476372525,0.0055));
#4906=CARTESIAN_POINT('',(-0.0194398151434831,0.0252875476372525,0.0055));
#4907=CARTESIAN_POINT('',(-0.0194742913160582,0.0267869046388624,0.0055));
#4908=CARTESIAN_POINT('',(-0.0214778151434831,0.0267869046388624,0.0055));
#4909=CARTESIAN_POINT('',(-0.0214778151434831,0.0271489046388624,0.0055));
#4910=CARTESIAN_POINT('',(-0.00388133710580307,0.0226245476372525,0.0055));
#4911=CARTESIAN_POINT('',(-0.00424333710580308,0.0226245476372525,0.0055));
#4912=CARTESIAN_POINT('',(-0.00424333710580308,0.0227314816200745,0.0055));
#4913=CARTESIAN_POINT('',(-0.00424333710580308,0.0232004156028966,0.0055));
#4914=CARTESIAN_POINT('',(-0.00460546914015905,0.0232004156028966,0.0055));
#4915=CARTESIAN_POINT('',(-0.00460546914015904,0.0235625476372525,0.0055));
#4916=CARTESIAN_POINT('',(-0.0107791522680728,0.0235625476372525,0.0055));
#4917=CARTESIAN_POINT('',(-0.0169528353959866,0.0235625476372525,0.0055));
#4918=CARTESIAN_POINT('',(-0.0169528353959866,0.0239246796716084,0.0055));
#4919=CARTESIAN_POINT('',(-0.0173149674303426,0.0239246796716084,0.0055));
#4920=CARTESIAN_POINT('',(-0.0173149674303426,0.0245954267771135,0.0055));
#4921=CARTESIAN_POINT('',(0.00966018485651689,0.0387625476372525,0.002));
#4922=CARTESIAN_POINT('',(0.00966018485651689,0.0263005476372525,0.0102));
#4923=CARTESIAN_POINT('',(0.00966018485651689,0.0278005476372525,0.0102));
#4924=CARTESIAN_POINT('',(0.00966018485651689,0.0387625476372525,0.0102));
#4925=CARTESIAN_POINT('',(0.00966018485651689,0.0402625476372525,0.0102));
#4926=CARTESIAN_POINT('',(0.00966018485651689,0.0512245476372525,0.0102));
#4927=CARTESIAN_POINT('',(0.00966018485651689,0.0527245476372525,0.0102));
#4928=CARTESIAN_POINT('',(0.00966018485651689,0.0537245476372525,0.001));
#4929=CARTESIAN_POINT('',(0.00966018485651689,0.0537245476372525,0.001));
#4930=CARTESIAN_POINT('',(0.00966018485651689,0.0537245476372525,0.002));
#4931=CARTESIAN_POINT('',(-0.0188148151434831,0.0252875476372525,0.004));
#4932=CARTESIAN_POINT('',(-0.0188148151434831,0.0252875476372525,0.00362446211310778));
#4933=CARTESIAN_POINT('',(-0.0188148151434831,0.0252875476372525,0.004));
#4934=CARTESIAN_POINT('',(-0.0194398151434831,0.0252875476372525,0.004));
#4935=CARTESIAN_POINT('',(-0.0188148151434831,0.0252875476372525,0.0055));
#4936=CARTESIAN_POINT('',(-0.0126898151434831,0.0505375476372525,0.004));
#4937=CARTESIAN_POINT('',(-0.0126898151434831,0.0505375476372525,0.00362446211310778));
#4938=CARTESIAN_POINT('',(-0.0126898151434831,0.0505375476372525,0.004));
#4939=CARTESIAN_POINT('',(-0.0133148151434831,0.0505375476372525,0.004));
#4940=CARTESIAN_POINT('',(-0.0126898151434831,0.0505375476372525,0.0055));
#4941=CARTESIAN_POINT('',(-0.00121481514348312,0.0466125476372525,0.004));
#4942=CARTESIAN_POINT('',(-0.00121481514348312,0.0466125476372525,0.00362446211310778));
#4943=CARTESIAN_POINT('',(-0.00121481514348312,0.0466125476372525,0.004));
#4944=CARTESIAN_POINT('',(-0.00183981514348312,0.0466125476372525,0.004));
#4945=CARTESIAN_POINT('',(-0.00121481514348312,0.0466125476372525,0.0055));
#4946=CARTESIAN_POINT('',(-0.0203018151434831,0.0238005476372525,0.002));
#4947=CARTESIAN_POINT('',(-0.0203018151434831,0.0238005476372525,0.001));
#4948=CARTESIAN_POINT('',(0.00612218485651689,0.0537245476372525,0.002));
#4949=CARTESIAN_POINT('',(0.00612218485651689,0.0537245476372525,0.001));
#4950=CARTESIAN_POINT('',(-0.0203018151434831,0.0537245476372525,0.002));
#4951=CARTESIAN_POINT('',(-0.0203018151434831,0.0537245476372525,0.001));
#4952=CARTESIAN_POINT('',(-0.0238398151434831,0.0537245476372525,0.));
#4953=CARTESIAN_POINT('',(0.00612218485651689,0.0238005476372525,0.001));
#4954=CARTESIAN_POINT('',(0.00631785972115601,0.0202679629603881,0.000999510387276305));
#4955=CARTESIAN_POINT('',(0.00629901665774323,0.0202669267454038,0.000984156536819625));
#4956=CARTESIAN_POINT('',(0.00628014580306772,0.0202663944766656,0.000968802860677877));
#4957=CARTESIAN_POINT('',(0.0062612665447752,0.0202663665502597,0.000953465641363337));
#4958=CARTESIAN_POINT('',(0.00626126654477521,0.0202663665502597,0.000953465641363337));
#4959=CARTESIAN_POINT('',(0.00626126654477524,0.0202663665502597,0.000953465641363409));
#4960=CARTESIAN_POINT('',(0.00621841093646404,0.0202669566484124,0.000904633281027231));
#4961=CARTESIAN_POINT('',(0.00617199563524254,0.0202715047126941,0.000860841845064745));
#4962=CARTESIAN_POINT('',(0.00612240719468746,0.0202784705446281,0.000822257877924378));
#4963=CARTESIAN_POINT('',(0.00612220727710463,0.0202785635994238,0.00082240528471118));
#4964=CARTESIAN_POINT('',(0.00612218485651689,0.0212625476372525,0.001));
#4965=CARTESIAN_POINT('',(0.00866018485651689,0.0238005476372525,0.001));
#4966=CARTESIAN_POINT('',(-0.00708981514348311,0.0212625476372525,0.001));
#4967=CARTESIAN_POINT('',(-0.00708981514348311,0.0203487856674266,0.00059375));
#4968=CARTESIAN_POINT('',(0.00548518485651689,0.0203487856674266,0.00059375));
#4969=CARTESIAN_POINT('',(-0.00281481514348311,0.0203487856674266,0.00059375));
#4970=CARTESIAN_POINT('',(-0.00281481514348311,0.0203487856674267,0.000593749999999998));
#4971=CARTESIAN_POINT('',(-0.00311055729706974,0.020349553621723,0.000592022670940194));
#4972=CARTESIAN_POINT('',(-0.00341554953590813,0.0202625476372525,0.00074100398411332));
#4973=CARTESIAN_POINT('',(-0.00363601852876595,0.0202625476372525,0.001));
#4974=CARTESIAN_POINT('',(-0.0203018151434831,0.0212625476372525,0.001));
#4975=CARTESIAN_POINT('',(0.00612218485600121,0.020278442062325,0.000822415604861664));
#4976=CARTESIAN_POINT('',(0.00591914499472051,0.0203070832226817,0.000663697123108275));
#4977=CARTESIAN_POINT('',(0.00570681166155906,0.0203493565428321,0.000592465952652206));
#4978=CARTESIAN_POINT('',(0.00548518485651689,0.0203487856674267,0.000593749999999998));
#4979=CARTESIAN_POINT('',(0.00866018485651689,0.0387625476372525,0.001));
#4980=CARTESIAN_POINT('',(0.00866018485651689,0.0537245476372525,0.001));
#4981=CARTESIAN_POINT('',(-0.0203018151434831,0.0238005476372525,0.001));
#4982=CARTESIAN_POINT('',(-0.0228398151434831,0.0238005476372525,0.001));
#4983=CARTESIAN_POINT('',(0.00612218485651689,0.0537245476372525,0.001));
#4984=CARTESIAN_POINT('',(0.00612218485651689,0.0562625476372525,0.001));
#4985=CARTESIAN_POINT('',(-0.0228398151434831,0.0387625476372525,0.001));
#4986=CARTESIAN_POINT('',(-0.0228398151434831,0.0537245476372525,0.001));
#4987=CARTESIAN_POINT('',(-0.00708981514348311,0.0562625476372525,0.001));
#4988=CARTESIAN_POINT('',(-0.0203018151434831,0.0562625476372525,0.001));
#4989=CARTESIAN_POINT('',(-0.0203018151434831,0.0537245476372525,0.001));
#4990=CARTESIAN_POINT('',(-0.0173149674303426,0.0245954267771135,0.0055));
#4991=CARTESIAN_POINT('',(-0.0173149674303426,0.0239246796716084,0.0055));
#4992=CARTESIAN_POINT('',(-0.0194742913160582,0.0267869046388624,0.0055));
#4993=CARTESIAN_POINT('',(-0.0214778151434831,0.0267869046388624,0.0055));
#4994=CARTESIAN_POINT('',(-0.00424333710580308,0.0227314816200745,0.0055));
#4995=CARTESIAN_POINT('',(-0.00424333710580308,0.0226245476372525,0.002));
#4996=CARTESIAN_POINT('',(-0.00424333710580308,0.0232004156028966,0.0055));
#4997=CARTESIAN_POINT('',(-0.00460546914015905,0.0232004156028966,0.0055));
#4998=CARTESIAN_POINT('',(-0.00460546914015904,0.0235625476372525,0.0055));
#4999=CARTESIAN_POINT('',(-0.0107791522680728,0.0235625476372525,0.0055));
#5000=CARTESIAN_POINT('',(-0.0169528353959866,0.0235625476372525,0.0055));
#5001=CARTESIAN_POINT('',(-0.0169528353959866,0.0239246796716084,0.0055));
#5002=CARTESIAN_POINT('',(0.00719125087369487,0.0244875476372525,0.0055));
#5003=CARTESIAN_POINT('',(0.00729818485651689,0.0244875476372525,0.0055));
#5004=CARTESIAN_POINT('',(0.00729818485651689,0.0244875476372525,0.0055));
#5005=CARTESIAN_POINT('',(0.00719125087369487,0.0244875476372525,0.0055));
#5006=CARTESIAN_POINT('',(0.00672231689087285,0.0244875476372525,0.0055));
#5007=CARTESIAN_POINT('',(0.00672231689087285,0.0244875476372525,0.0055));
#5008=CARTESIAN_POINT('',(-0.00578441398978133,0.0537935476372525,0.0055));
#5009=CARTESIAN_POINT('',(-0.00578441398978133,0.0537935476372525,0.0055));
#5010=CARTESIAN_POINT('',(-0.00578441398978133,0.0523245476372525,0.0055));
#5011=CARTESIAN_POINT('',(-0.00578441398978133,0.0549005476372525,0.0055));
#5012=CARTESIAN_POINT('',(-0.00578441398978133,0.0549005476372525,0.0055));
#5013=CARTESIAN_POINT('',(-0.00578441398978133,0.0523245476372525,0.0055));
#5014=CARTESIAN_POINT('',(-0.00542241398978133,0.0523245476372525,0.0055));
#5015=CARTESIAN_POINT('',(-0.00542241398978133,0.0519625476372525,0.0055));
#5016=CARTESIAN_POINT('',(-0.00542241398978133,0.0519625476372525,0.0055));
#5017=CARTESIAN_POINT('',(-0.00542241398978133,0.0523245476372525,0.0055));
#5018=CARTESIAN_POINT('',(0.000287819416189795,0.0519625476372525,0.0055));
#5019=CARTESIAN_POINT('',(0.00599805282216092,0.0519625476372525,0.0055));
#5020=CARTESIAN_POINT('',(0.00599805282216092,0.0519625476372525,0.0055));
#5021=CARTESIAN_POINT('',(0.000287819416189795,0.0519625476372525,0.0055));
#5022=CARTESIAN_POINT('',(0.00599805282216092,0.0516004156028965,0.0055));
#5023=CARTESIAN_POINT('',(0.00636018485651688,0.0516004156028965,0.0055));
#5024=CARTESIAN_POINT('',(0.00636018485651688,0.0516004156028965,0.0055));
#5025=CARTESIAN_POINT('',(0.00599805282216092,0.0516004156028965,0.0055));
#5026=CARTESIAN_POINT('',(0.00636018485651689,0.051413489705652,0.0055));
#5027=CARTESIAN_POINT('',(0.00636018485651689,0.0248496796716084,0.0055));
#5028=CARTESIAN_POINT('',(0.00636018485651689,0.0248496796716084,0.0055));
#5029=CARTESIAN_POINT('',(0.00636018485651689,0.051413489705652,0.0055));
#5030=CARTESIAN_POINT('',(0.00672231689087286,0.0248496796716084,0.0055));
#5031=CARTESIAN_POINT('',(0.00672231689087286,0.0248496796716084,0.0055));
#5032=CARTESIAN_POINT('',(-0.00708981514348311,0.0387625476372525,0.0055));
#5033=CARTESIAN_POINT('',(0.00729818485651689,0.0241255476372525,0.0055));
#5034=CARTESIAN_POINT('',(-0.00614641398978133,0.0549005476372525,0.0055));
#5035=CARTESIAN_POINT('',(-0.00614641398978133,0.0549005476372525,0.0055));
#5036=CARTESIAN_POINT('',(-0.0214778151434831,0.0271489046388624,0.0125));
#5037=CARTESIAN_POINT('',(0.00729818485651689,0.0241255476372525,0.0125));
#5038=CARTESIAN_POINT('',(-0.00388133710580307,0.0226245476372525,0.0055));
#5039=CARTESIAN_POINT('',(-0.0153148151434831,0.0451500476372525,0.));
#5040=CARTESIAN_POINT('',(-0.0153148151434831,0.0355375476372525,0.002));
#5041=CARTESIAN_POINT('',(-0.0153148151434831,0.0547625476372525,0.));
#5042=CARTESIAN_POINT('',(-0.0185773151434831,0.0350375476372525,0.));
#5043=CARTESIAN_POINT('',(-0.0192180456280244,0.0350375476372525,0.0029));
#5044=CARTESIAN_POINT('',(-0.0192180456280244,0.0350375476372525,0.0029));
#5045=CARTESIAN_POINT('',(-0.0185773151434831,0.0350375476372525,0.0029));
#5046=CARTESIAN_POINT('',(-0.0166615846589418,0.0350375476372525,0.0029));
#5047=CARTESIAN_POINT('',(-0.0166615846589418,0.0350375476372525,0.0029));
#5048=CARTESIAN_POINT('',(-0.0158148151434831,0.0350375476372525,0.));
#5049=CARTESIAN_POINT('',(-0.0213398151434831,0.0350375476372525,0.002));
#5050=CARTESIAN_POINT('',(-0.0158148151434831,0.0355375476372525,0.));
#5051=CARTESIAN_POINT('',(-0.0213398151434831,0.0355375476372525,0.));
#5052=CARTESIAN_POINT('',(-0.0158148151434831,0.0547625476372525,0.0125));
#5053=CARTESIAN_POINT('',(-0.00856481514348311,0.0395875476372525,0.001));
#5054=CARTESIAN_POINT('',(-0.00856481514348311,0.0395875476372525,0.001));
#5055=CARTESIAN_POINT('',(-0.00306481514348311,0.0395875476372525,0.001));
#5056=CARTESIAN_POINT('',(-0.00708981514348311,0.0387625476372525,0.001));
#5057=CARTESIAN_POINT('',(-0.0154148151434831,0.0246125476372525,0.));
#5058=CARTESIAN_POINT('',(-0.0154148151434831,0.0246125476372525,0.000346410161513773));
#5059=CARTESIAN_POINT('',(-0.0149148151434831,0.0246125476372525,0.000346410161513773));
#5060=CARTESIAN_POINT('',(-0.0232398151434831,0.0263005476372525,0.0102));
#5061=CARTESIAN_POINT('',(-0.0232398151434831,0.0263005476372525,0.0102));
#5062=CARTESIAN_POINT('',(-0.0232398151434831,0.0263005476372525,0.0117));
#5063=CARTESIAN_POINT('',(-0.0232398151434831,0.0387625476372525,0.0071));
#5064=CARTESIAN_POINT('',(-0.0232398151434831,0.0263005476372525,0.0102));
#5065=CARTESIAN_POINT('',(-0.0232398151434831,0.0263005476372525,0.01145));
#5066=CARTESIAN_POINT('',(-0.0232398151434831,0.0387625476372525,0.0102));
#5067=CARTESIAN_POINT('',(-0.0232398151434831,0.0387625476372525,0.0102));
#5068=CARTESIAN_POINT('',(-0.0232398151434831,0.0387625476372525,0.0117));
#5069=CARTESIAN_POINT('',(-0.0232398151434831,0.0387625476372525,0.0071));
#5070=CARTESIAN_POINT('',(-0.0232398151434831,0.0387625476372525,0.0102));
#5071=CARTESIAN_POINT('',(-0.0232398151434831,0.0387625476372525,0.01145));
#5072=CARTESIAN_POINT('',(-0.0232398151434831,0.0512245476372525,0.0102));
#5073=CARTESIAN_POINT('',(-0.0232398151434831,0.0512245476372525,0.0102));
#5074=CARTESIAN_POINT('',(-0.0232398151434831,0.0512245476372525,0.0117));
#5075=CARTESIAN_POINT('',(-0.0232398151434831,0.0387625476372525,0.0071));
#5076=CARTESIAN_POINT('',(-0.0232398151434831,0.0512245476372525,0.0102));
#5077=CARTESIAN_POINT('',(-0.0232398151434831,0.0512245476372525,0.01145));
#5078=CARTESIAN_POINT('',(0.00906018485651689,0.0512245476372525,0.0102));
#5079=CARTESIAN_POINT('',(0.00906018485651689,0.0512245476372525,0.0102));
#5080=CARTESIAN_POINT('',(0.00906018485651689,0.0527245476372525,0.0102));
#5081=CARTESIAN_POINT('',(0.00906018485651689,0.0387625476372525,0.0071));
#5082=CARTESIAN_POINT('',(0.00906018485651689,0.0512245476372525,0.0102));
#5083=CARTESIAN_POINT('',(0.00906018485651689,0.0524745476372525,0.0102));
#5084=CARTESIAN_POINT('',(0.00906018485651689,0.0387625476372525,0.0102));
#5085=CARTESIAN_POINT('',(0.00906018485651689,0.0387625476372525,0.0102));
#5086=CARTESIAN_POINT('',(0.00906018485651689,0.0402625476372525,0.0102));
#5087=CARTESIAN_POINT('',(0.00906018485651689,0.0387625476372525,0.0071));
#5088=CARTESIAN_POINT('',(0.00906018485651689,0.0387625476372525,0.0102));
#5089=CARTESIAN_POINT('',(0.00906018485651689,0.0400125476372525,0.0102));
#5090=CARTESIAN_POINT('',(0.00906018485651689,0.0263005476372525,0.0102));
#5091=CARTESIAN_POINT('',(0.00906018485651689,0.0263005476372525,0.0102));
#5092=CARTESIAN_POINT('',(0.00906018485651689,0.0278005476372525,0.0102));
#5093=CARTESIAN_POINT('',(0.00906018485651689,0.0387625476372525,0.0071));
#5094=CARTESIAN_POINT('',(0.00906018485651689,0.0263005476372525,0.0102));
#5095=CARTESIAN_POINT('',(0.00906018485651689,0.0275505476372525,0.0102));
#5096=CARTESIAN_POINT('',(-0.0238398151434831,0.0263005476372525,0.0102));
#5097=CARTESIAN_POINT('',(0.00866018485651689,0.0263005476372525,0.0102));
#5098=CARTESIAN_POINT('',(0.00866018485651689,0.0263005476372525,0.00935));
#5099=CARTESIAN_POINT('',(-0.0238398151434831,0.0387625476372525,0.0102));
#5100=CARTESIAN_POINT('',(0.00866018485651688,0.0387625476372525,0.0102));
#5101=CARTESIAN_POINT('',(0.00866018485651688,0.0387625476372525,0.00935));
#5102=CARTESIAN_POINT('',(-0.0238398151434831,0.0512245476372525,0.0102));
#5103=CARTESIAN_POINT('',(0.0086601848565169,0.0512245476372525,0.0102));
#5104=CARTESIAN_POINT('',(0.0086601848565169,0.0512245476372525,0.00935));
#5105=CARTESIAN_POINT('',(-0.0238398151434831,0.0512245476372525,0.0102));
#5106=CARTESIAN_POINT('',(-0.0228398151434831,0.0512245476372525,0.0102));
#5107=CARTESIAN_POINT('',(-0.0228398151434831,0.0512245476372525,0.01105));
#5108=CARTESIAN_POINT('',(-0.0238398151434831,0.0387625476372525,0.0102));
#5109=CARTESIAN_POINT('',(-0.0228398151434831,0.0387625476372525,0.0102));
#5110=CARTESIAN_POINT('',(-0.0228398151434831,0.0387625476372525,0.01105));
#5111=CARTESIAN_POINT('',(-0.0238398151434831,0.0263005476372525,0.0102));
#5112=CARTESIAN_POINT('',(-0.0228398151434831,0.0263005476372525,0.0102));
#5113=CARTESIAN_POINT('',(-0.0228398151434831,0.0263005476372525,0.01105));
#5114=CARTESIAN_POINT('',(-0.00708981514348311,0.0212625476372525,0.0125));
#5115=CARTESIAN_POINT('',(-0.00708981514348311,0.0212625476372525,0.0125));
#5116=CARTESIAN_POINT('',(0.00612218485651689,0.0212625476372525,0.0125));
#5117=CARTESIAN_POINT('',(-0.0203018151434831,0.0212625476372525,0.0125));
#5118=CARTESIAN_POINT('',(-0.0203018151434831,0.0212625476372525,0.0125));
#5119=CARTESIAN_POINT('',(0.00612218485651689,0.0212625476372525,0.0125));
#5120=CARTESIAN_POINT('',(0.0061221848565169,0.0238005476372525,0.0125));
#5121=CARTESIAN_POINT('',(0.00866018485651689,0.0238005476372525,0.0125));
#5122=CARTESIAN_POINT('',(0.00866018485651689,0.0238005476372525,0.0125));
#5123=CARTESIAN_POINT('',(0.0061221848565169,0.0238005476372525,0.0125));
#5124=CARTESIAN_POINT('',(0.00866018485651689,0.0387625476372525,0.0125));
#5125=CARTESIAN_POINT('',(0.00866018485651689,0.0537245476372525,0.0125));
#5126=CARTESIAN_POINT('',(0.00866018485651689,0.0537245476372525,0.0125));
#5127=CARTESIAN_POINT('',(0.00866018485651689,0.0387625476372525,0.0125));
#5128=CARTESIAN_POINT('',(0.00612218485651689,0.0537245476372525,0.0125));
#5129=CARTESIAN_POINT('',(0.00612218485651689,0.0562625476372525,0.0125));
#5130=CARTESIAN_POINT('',(0.00612218485651689,0.0562625476372525,0.0125));
#5131=CARTESIAN_POINT('',(0.00612218485651689,0.0537245476372525,0.0125));
#5132=CARTESIAN_POINT('',(-0.00708981514348311,0.0562625476372525,0.0125));
#5133=CARTESIAN_POINT('',(-0.0203018151434831,0.0562625476372525,0.0125));
#5134=CARTESIAN_POINT('',(-0.0203018151434831,0.0562625476372525,0.0125));
#5135=CARTESIAN_POINT('',(-0.00708981514348311,0.0562625476372525,0.0125));
#5136=CARTESIAN_POINT('',(-0.0203018151434831,0.0537245476372525,0.0125));
#5137=CARTESIAN_POINT('',(-0.0228398151434831,0.0537245476372525,0.0125));
#5138=CARTESIAN_POINT('',(-0.0228398151434831,0.0537245476372525,0.0125));
#5139=CARTESIAN_POINT('',(-0.0203018151434831,0.0537245476372525,0.0125));
#5140=CARTESIAN_POINT('',(-0.0228398151434831,0.0387625476372525,0.0125));
#5141=CARTESIAN_POINT('',(-0.0228398151434831,0.0238005476372525,0.0125));
#5142=CARTESIAN_POINT('',(-0.0228398151434831,0.0238005476372525,0.0125));
#5143=CARTESIAN_POINT('',(-0.0228398151434831,0.0387625476372525,0.0125));
#5144=CARTESIAN_POINT('',(-0.0203018151434831,0.0238005476372525,0.0125));
#5145=CARTESIAN_POINT('',(-0.0203018151434831,0.0238005476372525,0.0125));
#5146=CARTESIAN_POINT('',(-0.00708981514348311,0.0387625476372525,0.0125));
#5147=CARTESIAN_POINT('',(-0.0154148151434831,0.0246125476372525,0.));
#5148=CARTESIAN_POINT('',(-0.00608981514348311,0.0662625476372525,0.0071));
#5149=CARTESIAN_POINT('',(-0.00608981514348311,0.0617625476372525,0.0071));
#5150=CARTESIAN_POINT('',(-0.00608981514348311,0.0617625476372525,0.0045));
#5151=CARTESIAN_POINT('',(-0.00608981514348311,0.0617625476372525,0.0031));
#5152=CARTESIAN_POINT('',(-0.00608981514348311,0.0617625476372525,0.0031));
#5153=CARTESIAN_POINT('',(-0.00608981514348311,0.0617625476372525,0.0071));
#5154=CARTESIAN_POINT('',(-0.00608981514348311,0.0617625476372525,0.0111));
#5155=CARTESIAN_POINT('',(-0.00608981514348311,0.0662625476372525,0.0111));
#5156=CARTESIAN_POINT('',(-0.00708981514348311,0.0662625476372525,0.0026));
#5157=CARTESIAN_POINT('',(-0.00758981514348311,0.0662625476372525,0.0026));
#5158=CARTESIAN_POINT('',(-0.00758981514348311,0.0617625476372525,0.0026));
#5159=CARTESIAN_POINT('',(-0.00608981514348311,0.0617625476372525,0.0026));
#5160=CARTESIAN_POINT('',(-0.00658981514348311,0.0617625476372525,0.0026));
#5161=CARTESIAN_POINT('',(-0.00658981514348311,0.0572625476372525,0.0026));
#5162=CARTESIAN_POINT('',(-0.00808981514348311,0.0662625476372525,0.0071));
#5163=CARTESIAN_POINT('',(-0.00808981514348311,0.0617625476372525,0.0071));
#5164=CARTESIAN_POINT('',(-0.00808981514348311,0.0617625476372525,0.0045));
#5165=CARTESIAN_POINT('',(-0.00808981514348311,0.0617625476372525,0.0071));
#5166=CARTESIAN_POINT('',(-0.00808981514348311,0.0617625476372525,0.0111));
#5167=CARTESIAN_POINT('',(-0.00808981514348311,0.0617625476372525,0.0031));
#5168=CARTESIAN_POINT('',(-0.00808981514348311,0.0662625476372525,0.0031));
#5169=CARTESIAN_POINT('',(-0.00808981514348311,0.0617625476372525,0.0111));
#5170=CARTESIAN_POINT('',(-0.00708981514348311,0.0662625476372525,0.0116));
#5171=CARTESIAN_POINT('',(-0.00708981514348311,0.0617625476372525,0.0116));
#5172=CARTESIAN_POINT('',(-0.00658981514348311,0.0617625476372525,0.0116));
#5173=CARTESIAN_POINT('',(-0.00758981514348311,0.0617625476372525,0.0116));
#5174=CARTESIAN_POINT('',(-0.00758981514348311,0.0572625476372525,0.0116));
#5175=CARTESIAN_POINT('',(-0.00658981514348311,0.0662625476372525,0.0116));
#5176=CARTESIAN_POINT('',(-0.00808981514348311,0.0617625476372525,0.0071));
#5177=CARTESIAN_POINT('',(-0.00708981514348311,0.0617625476372525,0.0071));
#5178=CARTESIAN_POINT('',(-0.00758981514348311,0.0617625476372525,0.0071));
#5179=CARTESIAN_POINT('',(-0.00658981514348311,0.0617625476372525,0.0071));
#5180=CARTESIAN_POINT('',(0.00866018485651689,0.0512245476372525,0.0102));
#5181=CARTESIAN_POINT('',(0.00866018485651688,0.0387625476372525,0.0102));
#5182=CARTESIAN_POINT('',(0.00866018485651689,0.0263005476372525,0.0102));
#5183=CARTESIAN_POINT('',(-0.0228398151434831,0.0263005476372525,0.0102));
#5184=CARTESIAN_POINT('',(-0.0228398151434831,0.0387625476372525,0.0102));
#5185=CARTESIAN_POINT('',(-0.0228398151434831,0.0512245476372525,0.0102));
#5186=CARTESIAN_POINT('',(-0.00758981514348311,0.0662625476372525,0.0111));
#5187=CARTESIAN_POINT('',(-0.00758981514348311,0.0617625476372525,0.0111));
#5188=CARTESIAN_POINT('',(-0.00758981514348311,0.0617625476372525,0.0071));
#5189=CARTESIAN_POINT('',(-0.00758981514348311,0.0617625476372525,0.0031));
#5190=CARTESIAN_POINT('',(-0.00758981514348311,0.0662625476372525,0.0031));
#5191=CARTESIAN_POINT('',(-0.00658981514348311,0.0662625476372525,0.0111));
#5192=CARTESIAN_POINT('',(-0.00658981514348311,0.0617625476372525,0.0111));
#5193=CARTESIAN_POINT('',(-0.00658981514348311,0.0617625476372525,0.0071));
#5194=CARTESIAN_POINT('',(-0.00658981514348311,0.0617625476372525,0.0031));
#5195=CARTESIAN_POINT('',(-0.00658981514348311,0.0662625476372525,0.0031));
#5196=CARTESIAN_POINT('',(-0.00856481514348311,0.0395875476372525,0.));
#5197=CARTESIAN_POINT('',(-0.0218398151434831,0.0443810476372525,0.0071));
#5198=CARTESIAN_POINT('',(-0.0218398151434831,0.0532245476372525,0.0071));
#5199=CARTESIAN_POINT('',(-0.0218398151434831,0.0355375476372525,0.0071));
#5200=CARTESIAN_POINT('',(-0.0218398151434831,0.0532245476372525,0.0066));
#5201=CARTESIAN_POINT('',(-0.0218398151434831,0.0537245476372525,0.0066));
#5202=CARTESIAN_POINT('',(-0.0218398151434831,0.0537245476372525,0.));
#5203=CARTESIAN_POINT('',(-0.0218398151434831,0.0537245476372525,0.0025));
#5204=CARTESIAN_POINT('',(-0.0218398151434831,0.0532245476372525,0.0025));
#5205=CARTESIAN_POINT('',(-0.0218398151434831,0.0532245476372525,0.002));
#5206=CARTESIAN_POINT('',(-0.0218398151434831,0.0443810476372525,0.002));
#5207=CARTESIAN_POINT('',(-0.0218398151434831,0.0355375476372525,0.002));
#5208=CARTESIAN_POINT('',(-0.0218398151434831,0.0355375476372525,0.0025));
#5209=CARTESIAN_POINT('',(-0.0218398151434831,0.0350375476372525,0.0025));
#5210=CARTESIAN_POINT('',(-0.0218398151434831,0.0350375476372525,0.00455));
#5211=CARTESIAN_POINT('',(-0.0218398151434831,0.0350375476372525,0.0066));
#5212=CARTESIAN_POINT('',(-0.0218398151434831,0.0355375476372525,0.0066));
#5213=CARTESIAN_POINT('',(0.00203518485651689,0.0217625476372525,0.007675));
#5214=CARTESIAN_POINT('',(0.00548518485651689,0.0202812188660235,0.007675));
#5215=CARTESIAN_POINT('',(0.00548518485651689,0.0217625476372525,0.007675));
#5216=CARTESIAN_POINT('',(0.00548518485651689,0.0204625476372525,0.007675));
#5217=CARTESIAN_POINT('',(-0.00281481514348311,0.0204625476372525,0.007675));
#5218=CARTESIAN_POINT('',(-0.00281481514348311,0.0204625476372525,0.007675));
#5219=CARTESIAN_POINT('',(-0.00281481514348311,0.0217625476372525,0.007675));
#5220=CARTESIAN_POINT('',(-0.00281481514348311,0.0217625476372525,0.007675));
#5221=CARTESIAN_POINT('',(0.00203518485651689,0.0217625476372525,0.007675));
#5222=CARTESIAN_POINT('',(-0.00381481514348311,0.0217625476372525,0.004275));
#5223=CARTESIAN_POINT('',(-0.00381481514348311,0.0217625476372525,0.006675));
#5224=CARTESIAN_POINT('',(-0.00381481514348311,0.0217625476372525,0.006675));
#5225=CARTESIAN_POINT('',(-0.00381481514348311,0.0204625476372525,0.006675));
#5226=CARTESIAN_POINT('',(-0.00381481514348311,0.0204625476372525,0.004275));
#5227=CARTESIAN_POINT('',(-0.00381481514348311,0.0204625476372525,0.001875));
#5228=CARTESIAN_POINT('',(-0.00381481514348311,0.0217625476372525,0.001875));
#5229=CARTESIAN_POINT('',(-0.00381481514348311,0.0217625476372525,0.001875));
#5230=CARTESIAN_POINT('',(-0.00381481514348311,0.0217625476372525,0.004275));
#5231=CARTESIAN_POINT('',(0.00133518485651689,0.0217625476372525,0.000875));
#5232=CARTESIAN_POINT('',(-0.00281481514348311,0.0202703908956033,0.000875));
#5233=CARTESIAN_POINT('',(-0.00281481514348311,0.0217625476372525,0.000875));
#5234=CARTESIAN_POINT('',(-0.00281481514348311,0.0205315380613918,0.000875));
#5235=CARTESIAN_POINT('',(0.00548518485651689,0.0205315380613918,0.000875));
#5236=CARTESIAN_POINT('',(0.00548518485651689,0.0205315380613918,0.000875));
#5237=CARTESIAN_POINT('',(0.00548518485651689,0.0217625476372525,0.000875));
#5238=CARTESIAN_POINT('',(0.00548518485651689,0.0217625476372525,0.000875));
#5239=CARTESIAN_POINT('',(0.00133518485651689,0.0217625476372525,0.000875));
#5240=CARTESIAN_POINT('',(0.00648518485651689,0.0217625476372525,0.004275));
#5241=CARTESIAN_POINT('',(0.00648518485651689,0.0217625476372525,0.001875));
#5242=CARTESIAN_POINT('',(0.00648518485651689,0.0217625476372525,0.001875));
#5243=CARTESIAN_POINT('',(0.00648518485651689,0.0205103690706698,0.001875));
#5244=CARTESIAN_POINT('',(0.00648518485651689,0.0205103690706698,0.004275));
#5245=CARTESIAN_POINT('',(0.00648518485651689,0.0205103690706698,0.006675));
#5246=CARTESIAN_POINT('',(0.00648518485651689,0.0217625476372525,0.006675));
#5247=CARTESIAN_POINT('',(0.00648518485651689,0.0217625476372525,0.006675));
#5248=CARTESIAN_POINT('',(0.00648518485651689,0.0217625476372525,0.004275));
#5249=CARTESIAN_POINT('',(-0.00690831514348311,0.0217625476372525,0.0070375));
#5250=CARTESIAN_POINT('',(0.00518518485651689,0.0217625476372525,0.0033));
#5251=CARTESIAN_POINT('',(0.00518518485651689,0.0217625476372525,0.00440857864376269));
#5252=CARTESIAN_POINT('',(0.00518518485651689,0.0217625476372525,0.0033));
#5253=CARTESIAN_POINT('',(0.00483518485651689,0.0217625476372525,0.0033));
#5254=CARTESIAN_POINT('',(0.00483518485651689,0.0217625476372525,0.00295));
#5255=CARTESIAN_POINT('',(-0.00216481514348311,0.0217625476372525,0.00295));
#5256=CARTESIAN_POINT('',(-0.00216481514348311,0.0217625476372525,0.00295));
#5257=CARTESIAN_POINT('',(-0.00216481514348311,0.0217625476372525,0.0033));
#5258=CARTESIAN_POINT('',(-0.0025148151434831,0.0217625476372525,0.0033));
#5259=CARTESIAN_POINT('',(-0.00251481514348311,0.0217625476372525,0.00440857864376269));
#5260=CARTESIAN_POINT('',(-0.00251481514348311,0.0217625476372525,0.00440857864376269));
#5261=CARTESIAN_POINT('',(-0.0020148151434831,0.0217625476372525,0.00440857864376269));
#5262=CARTESIAN_POINT('',(-0.00236836853407638,0.0217625476372525,0.00476213203435597));
#5263=CARTESIAN_POINT('',(-0.00350065785595774,0.0217625476372525,0.00362984271247462));
#5264=CARTESIAN_POINT('',(-0.00167694717783907,0.0217625476372525,0.00545355339059327));
#5265=CARTESIAN_POINT('',(-0.0013233937872458,0.0217625476372525,0.0051));
#5266=CARTESIAN_POINT('',(-0.0013233937872458,0.0217625476372525,0.0056));
#5267=CARTESIAN_POINT('',(-0.00690831514348311,0.0217625476372525,0.0056));
#5268=CARTESIAN_POINT('',(0.00399376350027959,0.0217625476372525,0.0056));
#5269=CARTESIAN_POINT('',(0.00399376350027959,0.0217625476372525,0.00509999999999994));
#5270=CARTESIAN_POINT('',(0.00434731689087287,0.0217625476372525,0.00545355339059329));
#5271=CARTESIAN_POINT('',(-0.0020724724310085,0.0217625476372525,0.0118733427124746));
#5272=CARTESIAN_POINT('',(0.00503873824711016,0.0217625476372525,0.00476213203435597));
#5273=CARTESIAN_POINT('',(0.0046851848565169,0.0217625476372525,0.00440857864376269));
#5274=CARTESIAN_POINT('',(0.00548518485651689,0.0217625476372525,0.006675));
#5275=CARTESIAN_POINT('',(-0.00281481514348311,0.0217625476372525,0.006675));
#5276=CARTESIAN_POINT('',(-0.00281481514348311,0.0217625476372525,0.001875));
#5277=CARTESIAN_POINT('',(0.00548518485651689,0.0217625476372525,0.001875));
#5278=CARTESIAN_POINT('',(0.00548518485651689,0.0217625476372525,0.006675));
#5279=CARTESIAN_POINT('',(0.00648518485651689,0.0205103690706698,0.006675));
#5280=CARTESIAN_POINT('',(0.00648518485651689,0.0205108184985076,0.00673332432731555));
#5281=CARTESIAN_POINT('',(0.00647681432693106,0.020508033274093,0.00687359649095764));
#5282=CARTESIAN_POINT('',(0.00637772824210187,0.020488245531964,0.00716613694497343));
#5283=CARTESIAN_POINT('',(0.00617237949546511,0.0204665208800362,0.00741840413790143));
#5284=CARTESIAN_POINT('',(0.00606160639750555,0.0204627531878974,0.00749392117055267));
#5285=CARTESIAN_POINT('',(0.00601601818985022,0.0204625476372525,0.0075224762369661));
#5286=CARTESIAN_POINT('',(0.00601601818985023,0.0204625476372525,0.0075224762369661));
#5287=CARTESIAN_POINT('',(0.00548518485651689,0.0204625476372525,0.006675));
#5288=CARTESIAN_POINT('',(0.00548518485651689,0.0217625476372525,0.001875));
#5289=CARTESIAN_POINT('',(0.00548518485651689,0.0205315380613918,0.000875));
#5290=CARTESIAN_POINT('',(0.00556946441178306,0.0205326019001473,0.000875));
#5291=CARTESIAN_POINT('',(0.00573676227700045,0.0205179232095701,0.000885234962098809));
#5292=CARTESIAN_POINT('',(0.00602416276590162,0.0204744959924372,0.00102473144022209));
#5293=CARTESIAN_POINT('',(0.00608753481963403,0.0204670782743208,0.0010762040744508));
#5294=CARTESIAN_POINT('',(0.00611094070242961,0.0204651379451115,0.00109498101221441));
#5295=CARTESIAN_POINT('',(0.00610851357066693,0.0204690934390411,0.00109841523150975));
#5296=CARTESIAN_POINT('',(0.00611435231451634,0.0204648978681903,0.00109773022071194));
#5297=CARTESIAN_POINT('',(0.00614207730085443,0.0204660817025204,0.0011201724404434));
#5298=CARTESIAN_POINT('',(0.00622308563364982,0.0204709374250055,0.00118275387831045));
#5299=CARTESIAN_POINT('',(0.00646687253659217,0.0205011771519779,0.00153739659786522));
#5300=CARTESIAN_POINT('',(0.00648518485651689,0.02051125703934,0.00176279394528722));
#5301=CARTESIAN_POINT('',(0.00648518485651689,0.0205103690706698,0.001875));
#5302=CARTESIAN_POINT('',(-0.00281481514348311,0.0217625476372525,0.001875));
#5303=CARTESIAN_POINT('',(-0.00281481514348311,0.0204625476372525,0.001875));
#5304=CARTESIAN_POINT('',(-0.00349915129788547,0.0204625476372525,0.00114583333333333));
#5305=CARTESIAN_POINT('',(-0.00349915129788548,0.0204625476372525,0.00114583333333333));
#5306=CARTESIAN_POINT('',(-0.00346988878549015,0.0204629235561172,0.00111836993420085));
#5307=CARTESIAN_POINT('',(-0.00339606629481242,0.0204682570901012,0.00105259479303678));
#5308=CARTESIAN_POINT('',(-0.00311217437806314,0.0205110614756064,0.000895291834651951));
#5309=CARTESIAN_POINT('',(-0.00290301815259225,0.0205327086997135,0.000875));
#5310=CARTESIAN_POINT('',(-0.00281481514348311,0.0205315380613918,0.000875));
#5311=CARTESIAN_POINT('',(-0.00281481514348311,0.0217625476372525,0.006675));
#5312=CARTESIAN_POINT('',(-0.00281481514348311,0.0204625476372525,0.006675));
#5313=CARTESIAN_POINT('',(0.00671891763063313,0.0203132343452904,0.002));
#5314=CARTESIAN_POINT('',(0.00671891763063313,0.0203132343452904,0.006675));
#5315=CARTESIAN_POINT('',(0.00664100670592772,0.0203789459204169,0.006675));
#5316=CARTESIAN_POINT('',(0.0065630957812223,0.0204446574955434,0.006675));
#5317=CARTESIAN_POINT('',(0.00648518485651689,0.0205103690706698,0.006675));
#5318=CARTESIAN_POINT('',(0.00648518485651689,0.0205103690706698,0.001875));
#5319=CARTESIAN_POINT('',(0.0065630957812223,0.0204446574955434,0.001875));
#5320=CARTESIAN_POINT('',(0.00664100670592772,0.0203789459204169,0.001875));
#5321=CARTESIAN_POINT('',(0.00671891763063313,0.0203132343452904,0.001875));
#5322=CARTESIAN_POINT('',(0.00671891763063313,0.0203132343452904,0.001875));
#5323=CARTESIAN_POINT('',(0.00672187886318066,0.02031577604696,0.00151137563704807));
#5324=CARTESIAN_POINT('',(0.00653580529542401,0.0202742697881098,0.00115571310902914));
#5325=CARTESIAN_POINT('',(0.00623429562144958,0.0202645874749654,0.000931804727480044));
#5326=CARTESIAN_POINT('',(0.00648518485651689,0.0205103690706698,0.001875));
#5327=CARTESIAN_POINT('',(0.00648751305376667,0.0205127670921999,0.00157197969754006));
#5328=CARTESIAN_POINT('',(0.0063412172253392,0.0204736071453253,0.00127559425752428));
#5329=CARTESIAN_POINT('',(0.00610416255892534,0.0204644721647498,0.0010890039395667));
#5330=CARTESIAN_POINT('',(0.0061103362298889,0.0204647176531401,0.00109390456642094));
#5331=CARTESIAN_POINT('',(0.00614106162320074,0.0204328005715554,0.00107619840011661));
#5332=CARTESIAN_POINT('',(0.00619171952734102,0.0203667103602801,0.00102972065391402));
#5333=CARTESIAN_POINT('',(0.00626126654477521,0.0202663665502597,0.000953465641363397));
#5334=CARTESIAN_POINT('',(0.00612218485651689,0.0202625476372525,0.00769197148435932));
#5335=CARTESIAN_POINT('',(0.00648892630554558,0.0202639189363964,0.00747897422865159));
#5336=CARTESIAN_POINT('',(0.00672222102261963,0.020316001975349,0.00708163762271183));
#5337=CARTESIAN_POINT('',(0.00671891763063313,0.0203132343452904,0.006675));
#5338=CARTESIAN_POINT('',(0.00601601818985023,0.0204625476372525,0.0075224762369661));
#5339=CARTESIAN_POINT('',(0.00630435975685083,0.0204638414180729,0.00734497852387632));
#5340=CARTESIAN_POINT('',(0.00648778206832463,0.0205129802490575,0.00701386468559319));
#5341=CARTESIAN_POINT('',(0.00648518485651689,0.0205103690706698,0.006675));
#5342=CARTESIAN_POINT('',(0.00601601818985022,0.0204625476372525,0.0075224762369661));
#5343=CARTESIAN_POINT('',(0.00605140707873911,0.0203958809705858,0.00757897465276384));
#5344=CARTESIAN_POINT('',(0.006086795967628,0.0203292143039192,0.00763547306856158));
#5345=CARTESIAN_POINT('',(0.00612218485651689,0.0202625476372525,0.00769197148435932));
#5346=CARTESIAN_POINT('',(0.00626680189625085,0.0202635925341367,0.000955569269236359));
#5347=CARTESIAN_POINT('',(0.00604986234377623,0.0202763985852448,0.000722305262690624));
#5348=CARTESIAN_POINT('',(0.00577074188990023,0.0203525403670645,0.00059343784356999));
#5349=CARTESIAN_POINT('',(0.00548518485651689,0.0203487856674266,0.00059375));
#5350=CARTESIAN_POINT('',(0.00613653238962852,0.0204633835547599,0.00111621284615757));
#5351=CARTESIAN_POINT('',(0.00595574942923301,0.0204736283956463,0.000960703508460401));
#5352=CARTESIAN_POINT('',(0.00572314905100301,0.020534541821102,0.000874791895713309));
#5353=CARTESIAN_POINT('',(0.00548518485651689,0.0205315380613918,0.000875));
#5354=CARTESIAN_POINT('',(0.00548518485651689,0.0203487856674266,0.000593749999999999));
#5355=CARTESIAN_POINT('',(0.00548518485651689,0.0204097031320817,0.000687499999999999));
#5356=CARTESIAN_POINT('',(0.00548518485651689,0.0204706205967367,0.00078125));
#5357=CARTESIAN_POINT('',(0.00548518485651689,0.0205315380613918,0.000875));
#5358=CARTESIAN_POINT('',(0.00548518485651689,0.0202625476372525,0.006675));
#5359=CARTESIAN_POINT('',(0.00548518485651689,0.0204625476372525,0.007675));
#5360=CARTESIAN_POINT('',(-0.00708981514348311,0.0205315380613918,0.000875));
#5361=CARTESIAN_POINT('',(-0.00281481514348311,0.0205315380613918,0.000875));
#5362=CARTESIAN_POINT('',(-0.00281481514348311,0.0204706205967367,0.00078125));
#5363=CARTESIAN_POINT('',(-0.00281481514348311,0.0204097031320817,0.0006875));
#5364=CARTESIAN_POINT('',(-0.00281481514348311,0.0203487856674266,0.00059375));
#5365=CARTESIAN_POINT('',(-0.00708981514348311,0.0202625476372525,0.007875));
#5366=CARTESIAN_POINT('',(-0.00281481514348311,0.0204625476372525,0.007675));
#5367=CARTESIAN_POINT('',(-0.00281481514348311,0.0203487856674266,0.00059375));
#5368=CARTESIAN_POINT('',(-0.00312068837465139,0.0203530143936912,0.000593490429504152));
#5369=CARTESIAN_POINT('',(-0.00341517965409026,0.0202655047273396,0.000740569465336168));
#5370=CARTESIAN_POINT('',(-0.00363601852876595,0.0202625476372525,0.001));
#5371=CARTESIAN_POINT('',(-0.00281481514348311,0.0205315380613918,0.000875));
#5372=CARTESIAN_POINT('',(-0.00306970950279001,0.0205349210424035,0.000874826953002766));
#5373=CARTESIAN_POINT('',(-0.0033151189023224,0.0204649133093222,0.000972879643557446));
#5374=CARTESIAN_POINT('',(-0.00349915129788547,0.0204625476372525,0.00114583333333333));
#5375=CARTESIAN_POINT('',(-0.00363601852876595,0.0202625476372525,0.000999999999999998));
#5376=CARTESIAN_POINT('',(-0.00359039611847246,0.0203292143039192,0.00104861111111111));
#5377=CARTESIAN_POINT('',(-0.00354477370817897,0.0203958809705858,0.00109722222222222));
#5378=CARTESIAN_POINT('',(-0.00349915129788548,0.0204625476372525,0.00114583333333333));
#5379=CARTESIAN_POINT('',(-0.00281481514348311,0.0202625476372525,0.006675));
#5380=CARTESIAN_POINT('',(-0.00381481514348311,0.0204625476372525,0.006675));
#5381=CARTESIAN_POINT('',(-0.00281481514348311,0.0202625476372525,0.001875));
#5382=CARTESIAN_POINT('',(-0.00401481514348311,0.0202625476372525,0.001875));
#5383=CARTESIAN_POINT('',(-0.00381481514348311,0.0204625476372525,0.004275));
#5384=CARTESIAN_POINT('',(-0.0013233937872458,0.0219625476372525,0.0051));
#5385=CARTESIAN_POINT('',(-0.0013233937872458,0.0217625476372525,0.0056));
#5386=CARTESIAN_POINT('',(-0.00153552582160176,0.0219625476372525,0.00531213203435596));
#5387=CARTESIAN_POINT('',(-0.00350065785595774,0.0217625476372525,0.00362984271247462));
#5388=CARTESIAN_POINT('',(-0.00222694717783908,0.0219625476372525,0.00462071067811866));
#5389=CARTESIAN_POINT('',(-0.00690831514348311,0.0217625476372525,0.0056));
#5390=CARTESIAN_POINT('',(0.00399376350027959,0.0217625476372525,0.0056));
#5391=CARTESIAN_POINT('',(-0.0020148151434831,0.0219625476372525,0.00440857864376269));
#5392=CARTESIAN_POINT('',(-0.0023148151434831,0.0219625476372525,0.00440857864376269));
#5393=CARTESIAN_POINT('',(0.00399376350027959,0.0219625476372525,0.00509999999999994));
#5394=CARTESIAN_POINT('',(0.00434731689087287,0.0217625476372525,0.00545355339059329));
#5395=CARTESIAN_POINT('',(-0.0023148151434831,0.0219625476372525,0.003325));
#5396=CARTESIAN_POINT('',(-0.0023148151434831,0.0219625476372525,0.0033));
#5397=CARTESIAN_POINT('',(-0.00207247243100849,0.0217625476372525,0.0118733427124746));
#5398=CARTESIAN_POINT('',(0.00503873824711016,0.0217625476372525,0.00476213203435597));
#5399=CARTESIAN_POINT('',(-0.00216481514348311,0.0219625476372525,0.0033));
#5400=CARTESIAN_POINT('',(-0.00216481514348311,0.0219625476372525,0.00315));
#5401=CARTESIAN_POINT('',(0.0046851848565169,0.0219625476372525,0.00440857864376269));
#5402=CARTESIAN_POINT('',(0.00518518485651689,0.0217625476372525,0.00440857864376269));
#5403=CARTESIAN_POINT('',(0.00133518485651689,0.0219625476372525,0.00315));
#5404=CARTESIAN_POINT('',(0.00483518485651689,0.0219625476372525,0.00315));
#5405=CARTESIAN_POINT('',(0.00498518485651689,0.0219625476372525,0.00387928932188135));
#5406=CARTESIAN_POINT('',(0.00518518485651689,0.0217625476372525,0.0033));
#5407=CARTESIAN_POINT('',(0.00483518485651689,0.0219625476372525,0.0033));
#5408=CARTESIAN_POINT('',(-0.00402681514348311,0.0263105476372525,0.002));
#5409=CARTESIAN_POINT('',(-0.00402681514348311,0.0263105476372525,0.000346410161513775));
#5410=CARTESIAN_POINT('',(-0.00352681514348311,0.0263105476372525,0.000346410161513775));
#5411=CARTESIAN_POINT('',(-0.00402681514348311,0.0263105476372525,0.000346410161513775));
#5412=CARTESIAN_POINT('',(-0.0179398151434831,0.0338875476372525,0.002));
#5413=CARTESIAN_POINT('',(-0.0179398151434831,0.0338875476372525,0.0029));
#5414=CARTESIAN_POINT('',(-0.0185398151434831,0.0338875476372525,0.0029));
#5415=CARTESIAN_POINT('',(-0.00708981514348311,0.0387625476372525,0.0029));
#5416=CARTESIAN_POINT('',(-0.0192180456280244,0.0349009044634766,0.0029));
#5417=CARTESIAN_POINT('',(-0.0192180456280244,0.034870089217839,0.0029));
#5418=CARTESIAN_POINT('',(-0.0195800456280244,0.034870089217839,0.0029));
#5419=CARTESIAN_POINT('',(-0.0162995846589418,0.034870089217839,0.0029));
#5420=CARTESIAN_POINT('',(-0.0166615846589418,0.034870089217839,0.0029));
#5421=CARTESIAN_POINT('',(-0.0166615846589418,0.0349009044634766,0.0029));
#5422=CARTESIAN_POINT('',(-0.0166615846589418,0.0349009044634766,0.0029));
#5423=CARTESIAN_POINT('',(-0.0166615846589418,0.034870089217839,0.0029));
#5424=CARTESIAN_POINT('',(-0.0192180456280244,0.0349009044634766,0.0029));
#5425=CARTESIAN_POINT('',(-0.0192180456280244,0.034870089217839,0.0029));
#5426=CARTESIAN_POINT('',(-0.0162995846589418,0.034870089217839,0.0029));
#5427=CARTESIAN_POINT('',(-0.0195800456280244,0.034870089217839,0.0029));
#5428=CARTESIAN_POINT('',(-0.00908981514348311,0.0202625476372525,0.01285));
#5429=CARTESIAN_POINT('',(-0.00908981514348311,0.0204625476372525,0.0125));
#5430=CARTESIAN_POINT('',(-0.00908981514348311,0.0205625476372525,0.01285));
#5431=CARTESIAN_POINT('',(-0.00508981514348311,0.0202625476372525,0.01285));
#5432=CARTESIAN_POINT('',(-0.00508981514348311,0.0205625476372525,0.0125));
#5433=CARTESIAN_POINT('',(-0.00508981514348311,0.0204625476372525,0.01285));
#5434=CARTESIAN_POINT('',(-0.00508981514348311,0.0207625476372525,0.01285));
#5435=CARTESIAN_POINT('',(-0.00888981514348311,0.0207625476372525,0.01285));
#5436=CARTESIAN_POINT('',(-0.00528981514348311,0.0207625476372525,0.0132));
#5437=CARTESIAN_POINT('',(-0.00928981514348311,0.0204625476372525,0.01285));
#5438=CARTESIAN_POINT('',(-0.00928981514348311,0.0204625476372525,0.0123));
#5439=CARTESIAN_POINT('',(-0.00888981514348311,0.0205625476372525,0.01285));
#5440=CARTESIAN_POINT('',(-0.00528981514348311,0.0205625476372525,0.01285));
#5441=CARTESIAN_POINT('',(-0.00488981514348311,0.0204625476372525,0.002));
#5442=CARTESIAN_POINT('',(-0.00488981514348311,0.0204625476372525,0.0123));
#5443=CARTESIAN_POINT('',(-0.00708981514348311,0.0204625476372525,0.0123));
#5444=MECHANICAL_DESIGN_GEOMETRIC_PRESENTATION_REPRESENTATION('',(#3130),
#5445);
#5445=(
GEOMETRIC_REPRESENTATION_CONTEXT(3)
GLOBAL_UNCERTAINTY_ASSIGNED_CONTEXT((#5446))
GLOBAL_UNIT_ASSIGNED_CONTEXT((#5449,#5448,#5447))
REPRESENTATION_CONTEXT('Case','TOP_LEVEL_ASSEMBLY_PART')
);
#5446=UNCERTAINTY_MEASURE_WITH_UNIT(LENGTH_MEASURE(2.E-5),#5449,
'DISTANCE_ACCURACY_VALUE','Maximum Tolerance applied to model');
#5447=(
NAMED_UNIT(*)
SI_UNIT($,.STERADIAN.)
SOLID_ANGLE_UNIT()
);
#5448=(
NAMED_UNIT(*)
PLANE_ANGLE_UNIT()
SI_UNIT($,.RADIAN.)
);
#5449=(
LENGTH_UNIT()
NAMED_UNIT(*)
SI_UNIT($,.METRE.)
);
#5450=PRODUCT_DEFINITION_SHAPE('','',#5451);
#5451=PRODUCT_DEFINITION('','',#5453,#5452);
#5452=PRODUCT_DEFINITION_CONTEXT('',#5459,'design');
#5453=PRODUCT_DEFINITION_FORMATION_WITH_SPECIFIED_SOURCE('','',#5455,
 .NOT_KNOWN.);
#5454=PRODUCT_RELATED_PRODUCT_CATEGORY('','',(#5455));
#5455=PRODUCT('Case','Case','Case',(#5457));
#5456=PRODUCT_CATEGORY('','');
#5457=PRODUCT_CONTEXT('',#5459,'mechanical');
#5458=APPLICATION_PROTOCOL_DEFINITION('international standard',
'ap242_managed_model_based_3d_engineering',2011,#5459);
#5459=APPLICATION_CONTEXT('managed model based 3d engineering');
ENDSEC;
END-ISO-10303-21;
